ISO-10303-21;
HEADER;

FILE_DESCRIPTION(
/* description */ ('VariCAD 2022-2.08 AP-214'),
/* implementation_level */ '2;1');

FILE_NAME(
/* name */ 'shaft.stp',
/* time_stamp */ '2025-12-16T20:40:28+01:00',
/* author */ (''),
/* organization */ (''),
/* preprocessor_version */ 'VariCAD 2022-2.08',
/* originating_system */ 'VariCAD 2022-2.08; kernel version (20180118)',
/* authorisation */ '');

FILE_SCHEMA(('AUTOMOTIVE_DESIGN'));
ENDSEC;

DATA;
#10=MECHANICAL_DESIGN_GEOMETRIC_PRESENTATION_REPRESENTATION('',(#777),#2472);
#11=CONTEXT_DEPENDENT_SHAPE_REPRESENTATION(#13,#1305);
#12=NEXT_ASSEMBLY_USAGE_OCCURRENCE('','','',#1306,#1307,'');
#13=(
REPRESENTATION_RELATIONSHIP('','',#1320,#1321)
REPRESENTATION_RELATIONSHIP_WITH_TRANSFORMATION(#14)
SHAPE_REPRESENTATION_RELATIONSHIP()
);
#14=ITEM_DEFINED_TRANSFORMATION('','',#1566,#1323);
#15=SHAPE_REPRESENTATION_RELATIONSHIP('','',#1321,#16);
#16=ADVANCED_BREP_SHAPE_REPRESENTATION('',(#17,#1565),#2471);
#17=MANIFOLD_SOLID_BREP('',#18);
#18=CLOSED_SHELL('',(#97,#98,#99,#100,#101,#102,#103,#104,#105,#106,#107,#108,
#109,#110,#111,#112,#113,#114,#115,#116,#117,#118,#119,#120,#121,#122,#123,#124,
#125,#126,#127,#128,#129,#130,#131,#132,#133,#134,#135,#136,#137,#138,#139,#140,
#141,#142,#143,#144,#145,#146,#147,#148,#149,#150,#151,#152,#153,#154,#155,#156,
#157,#158,#159,#160,#161,#162,#163,#164,#165,#166,#167,#168,#169,#170,#171,#172,
#173,#174,#175,#176,#177,#178,#179,#180,#181));
#19=TOROIDAL_SURFACE('',#1517,3.5,0.5);
#20=TOROIDAL_SURFACE('',#1518,3.5,0.5);
#21=TOROIDAL_SURFACE('',#1519,3.5,0.5);
#22=TOROIDAL_SURFACE('',#1520,3.5,0.5);
#23=TOROIDAL_SURFACE('',#1521,3.5,0.5);
#24=TOROIDAL_SURFACE('',#1522,3.5,0.5);
#25=TOROIDAL_SURFACE('',#1523,3.5,0.5);
#26=TOROIDAL_SURFACE('',#1524,3.5,0.5);
#27=TOROIDAL_SURFACE('',#1525,3.5,0.5);
#28=TOROIDAL_SURFACE('',#1526,3.5,0.5);
#29=TOROIDAL_SURFACE('',#1527,3.5,0.5);
#30=TOROIDAL_SURFACE('',#1528,3.5,0.5);
#31=TOROIDAL_SURFACE('',#1529,3.5,0.5);
#32=TOROIDAL_SURFACE('',#1530,3.5,0.5);
#33=TOROIDAL_SURFACE('',#1531,3.5,0.5);
#34=TOROIDAL_SURFACE('',#1532,3.5,0.5);
#35=TOROIDAL_SURFACE('',#1533,3.5,0.5);
#36=TOROIDAL_SURFACE('',#1534,3.5,0.5);
#37=TOROIDAL_SURFACE('',#1535,3.5,0.5);
#38=TOROIDAL_SURFACE('',#1536,3.5,0.5);
#39=TOROIDAL_SURFACE('',#1537,3.5,0.5);
#40=TOROIDAL_SURFACE('',#1538,3.5,0.5);
#41=TOROIDAL_SURFACE('',#1539,3.5,0.5);
#42=TOROIDAL_SURFACE('',#1540,3.5,0.5);
#43=TOROIDAL_SURFACE('',#1541,3.5,0.5);
#44=TOROIDAL_SURFACE('',#1542,3.5,0.5);
#45=TOROIDAL_SURFACE('',#1543,3.5,0.5);
#46=TOROIDAL_SURFACE('',#1544,3.5,0.5);
#47=TOROIDAL_SURFACE('',#1545,3.5,0.5);
#48=TOROIDAL_SURFACE('',#1546,3.5,0.5);
#49=TOROIDAL_SURFACE('',#1547,3.5,0.5);
#50=TOROIDAL_SURFACE('',#1548,3.5,0.5);
#51=TOROIDAL_SURFACE('',#1549,3.5,0.5);
#52=TOROIDAL_SURFACE('',#1550,3.5,0.5);
#53=TOROIDAL_SURFACE('',#1551,3.5,0.5);
#54=TOROIDAL_SURFACE('',#1552,3.5,0.5);
#55=TOROIDAL_SURFACE('',#1553,16.,1.);
#56=TOROIDAL_SURFACE('',#1554,16.,1.);
#57=TOROIDAL_SURFACE('',#1555,16.,1.);
#58=TOROIDAL_SURFACE('',#1556,16.,1.);
#59=TOROIDAL_SURFACE('',#1557,11.7,1.);
#60=TOROIDAL_SURFACE('',#1558,11.7,1.);
#61=TOROIDAL_SURFACE('',#1559,49.,1.);
#62=TOROIDAL_SURFACE('',#1560,49.,1.);
#63=TOROIDAL_SURFACE('',#1561,49.,1.);
#64=TOROIDAL_SURFACE('',#1562,49.,1.);
#65=TOROIDAL_SURFACE('',#1563,14.,1.);
#66=TOROIDAL_SURFACE('',#1564,14.,1.);
#67=FACE_BOUND('',#275,.F.);
#68=FACE_BOUND('',#278,.F.);
#69=FACE_BOUND('',#279,.F.);
#70=FACE_BOUND('',#280,.F.);
#71=FACE_BOUND('',#281,.F.);
#72=FACE_BOUND('',#282,.F.);
#73=FACE_BOUND('',#283,.F.);
#74=FACE_BOUND('',#284,.F.);
#75=FACE_BOUND('',#285,.F.);
#76=FACE_BOUND('',#286,.F.);
#77=FACE_BOUND('',#287,.F.);
#78=FACE_BOUND('',#290,.F.);
#79=FACE_BOUND('',#291,.F.);
#80=FACE_BOUND('',#292,.F.);
#81=FACE_BOUND('',#293,.F.);
#82=FACE_BOUND('',#294,.F.);
#83=FACE_BOUND('',#295,.F.);
#84=FACE_BOUND('',#296,.F.);
#85=FACE_BOUND('',#297,.F.);
#86=FACE_BOUND('',#298,.F.);
#87=FACE_BOUND('',#299,.F.);
#88=FACE_BOUND('',#302,.F.);
#89=FACE_BOUND('',#305,.F.);
#90=PLANE('',#1486);
#91=PLANE('',#1488);
#92=PLANE('',#1490);
#93=PLANE('',#1492);
#94=PLANE('',#1494);
#95=PLANE('',#1496);
#96=PLANE('',#1498);
#97=ADVANCED_FACE('',(#182),#747,.T.);
#98=ADVANCED_FACE('',(#183),#748,.T.);
#99=ADVANCED_FACE('',(#184),#749,.T.);
#100=ADVANCED_FACE('',(#185),#750,.T.);
#101=ADVANCED_FACE('',(#186),#751,.T.);
#102=ADVANCED_FACE('',(#187),#752,.T.);
#103=ADVANCED_FACE('',(#188),#90,.T.);
#104=ADVANCED_FACE('',(#189),#753,.T.);
#105=ADVANCED_FACE('',(#67,#190),#91,.T.);
#106=ADVANCED_FACE('',(#191),#754,.T.);
#107=ADVANCED_FACE('',(#68,#69,#70,#71,#72,#73,#74,#75,#76,#77,#192),#92,.T.);
#108=ADVANCED_FACE('',(#193),#755,.T.);
#109=ADVANCED_FACE('',(#78,#79,#80,#81,#82,#83,#84,#85,#86,#87,#194),#93,.T.);
#110=ADVANCED_FACE('',(#195),#756,.T.);
#111=ADVANCED_FACE('',(#88,#196),#94,.T.);
#112=ADVANCED_FACE('',(#197),#757,.T.);
#113=ADVANCED_FACE('',(#89,#198),#95,.T.);
#114=ADVANCED_FACE('',(#199),#758,.T.);
#115=ADVANCED_FACE('',(#200),#96,.T.);
#116=ADVANCED_FACE('',(#201),#759,.F.);
#117=ADVANCED_FACE('',(#202),#760,.F.);
#118=ADVANCED_FACE('',(#203),#761,.F.);
#119=ADVANCED_FACE('',(#204),#762,.F.);
#120=ADVANCED_FACE('',(#205),#763,.F.);
#121=ADVANCED_FACE('',(#206),#764,.F.);
#122=ADVANCED_FACE('',(#207),#765,.F.);
#123=ADVANCED_FACE('',(#208),#766,.F.);
#124=ADVANCED_FACE('',(#209),#767,.F.);
#125=ADVANCED_FACE('',(#210),#768,.F.);
#126=ADVANCED_FACE('',(#211),#769,.F.);
#127=ADVANCED_FACE('',(#212),#770,.F.);
#128=ADVANCED_FACE('',(#213),#771,.F.);
#129=ADVANCED_FACE('',(#214),#772,.F.);
#130=ADVANCED_FACE('',(#215),#773,.F.);
#131=ADVANCED_FACE('',(#216),#774,.F.);
#132=ADVANCED_FACE('',(#217),#775,.F.);
#133=ADVANCED_FACE('',(#218),#776,.F.);
#134=ADVANCED_FACE('',(#219),#19,.T.);
#135=ADVANCED_FACE('',(#220),#20,.T.);
#136=ADVANCED_FACE('',(#221),#21,.T.);
#137=ADVANCED_FACE('',(#222),#22,.T.);
#138=ADVANCED_FACE('',(#223),#23,.T.);
#139=ADVANCED_FACE('',(#224),#24,.T.);
#140=ADVANCED_FACE('',(#225),#25,.T.);
#141=ADVANCED_FACE('',(#226),#26,.T.);
#142=ADVANCED_FACE('',(#227),#27,.T.);
#143=ADVANCED_FACE('',(#228),#28,.T.);
#144=ADVANCED_FACE('',(#229),#29,.T.);
#145=ADVANCED_FACE('',(#230),#30,.T.);
#146=ADVANCED_FACE('',(#231),#31,.T.);
#147=ADVANCED_FACE('',(#232),#32,.T.);
#148=ADVANCED_FACE('',(#233),#33,.T.);
#149=ADVANCED_FACE('',(#234),#34,.T.);
#150=ADVANCED_FACE('',(#235),#35,.T.);
#151=ADVANCED_FACE('',(#236),#36,.T.);
#152=ADVANCED_FACE('',(#237),#37,.T.);
#153=ADVANCED_FACE('',(#238),#38,.T.);
#154=ADVANCED_FACE('',(#239),#39,.T.);
#155=ADVANCED_FACE('',(#240),#40,.T.);
#156=ADVANCED_FACE('',(#241),#41,.T.);
#157=ADVANCED_FACE('',(#242),#42,.T.);
#158=ADVANCED_FACE('',(#243),#43,.T.);
#159=ADVANCED_FACE('',(#244),#44,.T.);
#160=ADVANCED_FACE('',(#245),#45,.T.);
#161=ADVANCED_FACE('',(#246),#46,.T.);
#162=ADVANCED_FACE('',(#247),#47,.T.);
#163=ADVANCED_FACE('',(#248),#48,.T.);
#164=ADVANCED_FACE('',(#249),#49,.T.);
#165=ADVANCED_FACE('',(#250),#50,.T.);
#166=ADVANCED_FACE('',(#251),#51,.T.);
#167=ADVANCED_FACE('',(#252),#52,.T.);
#168=ADVANCED_FACE('',(#253),#53,.T.);
#169=ADVANCED_FACE('',(#254),#54,.T.);
#170=ADVANCED_FACE('',(#255),#55,.F.);
#171=ADVANCED_FACE('',(#256),#56,.F.);
#172=ADVANCED_FACE('',(#257),#57,.F.);
#173=ADVANCED_FACE('',(#258),#58,.F.);
#174=ADVANCED_FACE('',(#259),#59,.T.);
#175=ADVANCED_FACE('',(#260),#60,.T.);
#176=ADVANCED_FACE('',(#261),#61,.T.);
#177=ADVANCED_FACE('',(#262),#62,.T.);
#178=ADVANCED_FACE('',(#263),#63,.T.);
#179=ADVANCED_FACE('',(#264),#64,.T.);
#180=ADVANCED_FACE('',(#265),#65,.T.);
#181=ADVANCED_FACE('',(#266),#66,.T.);
#182=FACE_OUTER_BOUND('',#267,.F.);
#183=FACE_OUTER_BOUND('',#268,.F.);
#184=FACE_OUTER_BOUND('',#269,.F.);
#185=FACE_OUTER_BOUND('',#270,.F.);
#186=FACE_OUTER_BOUND('',#271,.F.);
#187=FACE_OUTER_BOUND('',#272,.F.);
#188=FACE_OUTER_BOUND('',#273,.F.);
#189=FACE_OUTER_BOUND('',#274,.F.);
#190=FACE_OUTER_BOUND('',#276,.F.);
#191=FACE_OUTER_BOUND('',#277,.F.);
#192=FACE_OUTER_BOUND('',#288,.F.);
#193=FACE_OUTER_BOUND('',#289,.F.);
#194=FACE_OUTER_BOUND('',#300,.F.);
#195=FACE_OUTER_BOUND('',#301,.F.);
#196=FACE_OUTER_BOUND('',#303,.F.);
#197=FACE_OUTER_BOUND('',#304,.F.);
#198=FACE_OUTER_BOUND('',#306,.F.);
#199=FACE_OUTER_BOUND('',#307,.F.);
#200=FACE_OUTER_BOUND('',#308,.F.);
#201=FACE_OUTER_BOUND('',#309,.F.);
#202=FACE_OUTER_BOUND('',#310,.F.);
#203=FACE_OUTER_BOUND('',#311,.F.);
#204=FACE_OUTER_BOUND('',#312,.F.);
#205=FACE_OUTER_BOUND('',#313,.F.);
#206=FACE_OUTER_BOUND('',#314,.F.);
#207=FACE_OUTER_BOUND('',#315,.F.);
#208=FACE_OUTER_BOUND('',#316,.F.);
#209=FACE_OUTER_BOUND('',#317,.F.);
#210=FACE_OUTER_BOUND('',#318,.F.);
#211=FACE_OUTER_BOUND('',#319,.F.);
#212=FACE_OUTER_BOUND('',#320,.F.);
#213=FACE_OUTER_BOUND('',#321,.F.);
#214=FACE_OUTER_BOUND('',#322,.F.);
#215=FACE_OUTER_BOUND('',#323,.F.);
#216=FACE_OUTER_BOUND('',#324,.F.);
#217=FACE_OUTER_BOUND('',#325,.F.);
#218=FACE_OUTER_BOUND('',#326,.F.);
#219=FACE_OUTER_BOUND('',#327,.F.);
#220=FACE_OUTER_BOUND('',#328,.F.);
#221=FACE_OUTER_BOUND('',#329,.F.);
#222=FACE_OUTER_BOUND('',#330,.F.);
#223=FACE_OUTER_BOUND('',#331,.F.);
#224=FACE_OUTER_BOUND('',#332,.F.);
#225=FACE_OUTER_BOUND('',#333,.F.);
#226=FACE_OUTER_BOUND('',#334,.F.);
#227=FACE_OUTER_BOUND('',#335,.F.);
#228=FACE_OUTER_BOUND('',#336,.F.);
#229=FACE_OUTER_BOUND('',#337,.F.);
#230=FACE_OUTER_BOUND('',#338,.F.);
#231=FACE_OUTER_BOUND('',#339,.F.);
#232=FACE_OUTER_BOUND('',#340,.F.);
#233=FACE_OUTER_BOUND('',#341,.F.);
#234=FACE_OUTER_BOUND('',#342,.F.);
#235=FACE_OUTER_BOUND('',#343,.F.);
#236=FACE_OUTER_BOUND('',#344,.F.);
#237=FACE_OUTER_BOUND('',#345,.F.);
#238=FACE_OUTER_BOUND('',#346,.F.);
#239=FACE_OUTER_BOUND('',#347,.F.);
#240=FACE_OUTER_BOUND('',#348,.F.);
#241=FACE_OUTER_BOUND('',#349,.F.);
#242=FACE_OUTER_BOUND('',#350,.F.);
#243=FACE_OUTER_BOUND('',#351,.F.);
#244=FACE_OUTER_BOUND('',#352,.F.);
#245=FACE_OUTER_BOUND('',#353,.F.);
#246=FACE_OUTER_BOUND('',#354,.F.);
#247=FACE_OUTER_BOUND('',#355,.F.);
#248=FACE_OUTER_BOUND('',#356,.F.);
#249=FACE_OUTER_BOUND('',#357,.F.);
#250=FACE_OUTER_BOUND('',#358,.F.);
#251=FACE_OUTER_BOUND('',#359,.F.);
#252=FACE_OUTER_BOUND('',#360,.F.);
#253=FACE_OUTER_BOUND('',#361,.F.);
#254=FACE_OUTER_BOUND('',#362,.F.);
#255=FACE_OUTER_BOUND('',#363,.F.);
#256=FACE_OUTER_BOUND('',#364,.F.);
#257=FACE_OUTER_BOUND('',#365,.F.);
#258=FACE_OUTER_BOUND('',#366,.F.);
#259=FACE_OUTER_BOUND('',#367,.F.);
#260=FACE_OUTER_BOUND('',#368,.F.);
#261=FACE_OUTER_BOUND('',#369,.F.);
#262=FACE_OUTER_BOUND('',#370,.F.);
#263=FACE_OUTER_BOUND('',#371,.F.);
#264=FACE_OUTER_BOUND('',#372,.F.);
#265=FACE_OUTER_BOUND('',#373,.F.);
#266=FACE_OUTER_BOUND('',#374,.F.);
#267=EDGE_LOOP('',(#375,#376,#377,#378));
#268=EDGE_LOOP('',(#379,#380,#381,#382));
#269=EDGE_LOOP('',(#383,#384,#385,#386));
#270=EDGE_LOOP('',(#387,#388,#389,#390));
#271=EDGE_LOOP('',(#391,#392,#393,#394));
#272=EDGE_LOOP('',(#395,#396,#397,#398));
#273=EDGE_LOOP('',(#399,#400));
#274=EDGE_LOOP('',(#401,#402,#403,#404));
#275=EDGE_LOOP('',(#405,#406));
#276=EDGE_LOOP('',(#407,#408));
#277=EDGE_LOOP('',(#409,#410,#411,#412));
#278=EDGE_LOOP('',(#413,#414));
#279=EDGE_LOOP('',(#415,#416));
#280=EDGE_LOOP('',(#417,#418));
#281=EDGE_LOOP('',(#419,#420));
#282=EDGE_LOOP('',(#421,#422));
#283=EDGE_LOOP('',(#423,#424));
#284=EDGE_LOOP('',(#425,#426));
#285=EDGE_LOOP('',(#427,#428));
#286=EDGE_LOOP('',(#429,#430));
#287=EDGE_LOOP('',(#431,#432));
#288=EDGE_LOOP('',(#433,#434));
#289=EDGE_LOOP('',(#435,#436,#437,#438));
#290=EDGE_LOOP('',(#439,#440));
#291=EDGE_LOOP('',(#441,#442));
#292=EDGE_LOOP('',(#443,#444));
#293=EDGE_LOOP('',(#445,#446));
#294=EDGE_LOOP('',(#447,#448));
#295=EDGE_LOOP('',(#449,#450));
#296=EDGE_LOOP('',(#451,#452));
#297=EDGE_LOOP('',(#453,#454));
#298=EDGE_LOOP('',(#455,#456));
#299=EDGE_LOOP('',(#457,#458));
#300=EDGE_LOOP('',(#459,#460));
#301=EDGE_LOOP('',(#461,#462,#463,#464));
#302=EDGE_LOOP('',(#465,#466));
#303=EDGE_LOOP('',(#467,#468));
#304=EDGE_LOOP('',(#469,#470,#471,#472));
#305=EDGE_LOOP('',(#473,#474));
#306=EDGE_LOOP('',(#475,#476));
#307=EDGE_LOOP('',(#477,#478,#479,#480));
#308=EDGE_LOOP('',(#481,#482));
#309=EDGE_LOOP('',(#483,#484,#485,#486));
#310=EDGE_LOOP('',(#487,#488,#489,#490));
#311=EDGE_LOOP('',(#491,#492,#493,#494));
#312=EDGE_LOOP('',(#495,#496,#497,#498));
#313=EDGE_LOOP('',(#499,#500,#501,#502));
#314=EDGE_LOOP('',(#503,#504,#505,#506));
#315=EDGE_LOOP('',(#507,#508,#509,#510));
#316=EDGE_LOOP('',(#511,#512,#513,#514));
#317=EDGE_LOOP('',(#515,#516,#517,#518));
#318=EDGE_LOOP('',(#519,#520,#521,#522));
#319=EDGE_LOOP('',(#523,#524,#525,#526));
#320=EDGE_LOOP('',(#527,#528,#529,#530));
#321=EDGE_LOOP('',(#531,#532,#533,#534));
#322=EDGE_LOOP('',(#535,#536,#537,#538));
#323=EDGE_LOOP('',(#539,#540,#541,#542));
#324=EDGE_LOOP('',(#543,#544,#545,#546));
#325=EDGE_LOOP('',(#547,#548,#549,#550));
#326=EDGE_LOOP('',(#551,#552,#553,#554));
#327=EDGE_LOOP('',(#555,#556,#557,#558));
#328=EDGE_LOOP('',(#559,#560,#561,#562));
#329=EDGE_LOOP('',(#563,#564,#565,#566));
#330=EDGE_LOOP('',(#567,#568,#569,#570));
#331=EDGE_LOOP('',(#571,#572,#573,#574));
#332=EDGE_LOOP('',(#575,#576,#577,#578));
#333=EDGE_LOOP('',(#579,#580,#581,#582));
#334=EDGE_LOOP('',(#583,#584,#585,#586));
#335=EDGE_LOOP('',(#587,#588,#589,#590));
#336=EDGE_LOOP('',(#591,#592,#593,#594));
#337=EDGE_LOOP('',(#595,#596,#597,#598));
#338=EDGE_LOOP('',(#599,#600,#601,#602));
#339=EDGE_LOOP('',(#603,#604,#605,#606));
#340=EDGE_LOOP('',(#607,#608,#609,#610));
#341=EDGE_LOOP('',(#611,#612,#613,#614));
#342=EDGE_LOOP('',(#615,#616,#617,#618));
#343=EDGE_LOOP('',(#619,#620,#621,#622));
#344=EDGE_LOOP('',(#623,#624,#625,#626));
#345=EDGE_LOOP('',(#627,#628,#629,#630));
#346=EDGE_LOOP('',(#631,#632,#633,#634));
#347=EDGE_LOOP('',(#635,#636,#637,#638));
#348=EDGE_LOOP('',(#639,#640,#641,#642));
#349=EDGE_LOOP('',(#643,#644,#645,#646));
#350=EDGE_LOOP('',(#647,#648,#649,#650));
#351=EDGE_LOOP('',(#651,#652,#653,#654));
#352=EDGE_LOOP('',(#655,#656,#657,#658));
#353=EDGE_LOOP('',(#659,#660,#661,#662));
#354=EDGE_LOOP('',(#663,#664,#665,#666));
#355=EDGE_LOOP('',(#667,#668,#669,#670));
#356=EDGE_LOOP('',(#671,#672,#673,#674));
#357=EDGE_LOOP('',(#675,#676,#677,#678));
#358=EDGE_LOOP('',(#679,#680,#681,#682));
#359=EDGE_LOOP('',(#683,#684,#685,#686));
#360=EDGE_LOOP('',(#687,#688,#689,#690));
#361=EDGE_LOOP('',(#691,#692,#693,#694));
#362=EDGE_LOOP('',(#695,#696,#697,#698));
#363=EDGE_LOOP('',(#699,#700,#701,#702));
#364=EDGE_LOOP('',(#703,#704,#705,#706));
#365=EDGE_LOOP('',(#707,#708,#709,#710));
#366=EDGE_LOOP('',(#711,#712,#713,#714));
#367=EDGE_LOOP('',(#715,#716,#717,#718));
#368=EDGE_LOOP('',(#719,#720,#721,#722));
#369=EDGE_LOOP('',(#723,#724,#725,#726));
#370=EDGE_LOOP('',(#727,#728,#729,#730));
#371=EDGE_LOOP('',(#731,#732,#733,#734));
#372=EDGE_LOOP('',(#735,#736,#737,#738));
#373=EDGE_LOOP('',(#739,#740,#741,#742));
#374=EDGE_LOOP('',(#743,#744,#745,#746));
#375=ORIENTED_EDGE('',*,*,#912,.F.);
#376=ORIENTED_EDGE('',*,*,#867,.F.);
#377=ORIENTED_EDGE('',*,*,#911,.T.);
#378=ORIENTED_EDGE('',*,*,#847,.T.);
#379=ORIENTED_EDGE('',*,*,#905,.T.);
#380=ORIENTED_EDGE('',*,*,#914,.F.);
#381=ORIENTED_EDGE('',*,*,#906,.F.);
#382=ORIENTED_EDGE('',*,*,#913,.T.);
#383=ORIENTED_EDGE('',*,*,#916,.F.);
#384=ORIENTED_EDGE('',*,*,#855,.T.);
#385=ORIENTED_EDGE('',*,*,#915,.T.);
#386=ORIENTED_EDGE('',*,*,#851,.T.);
#387=ORIENTED_EDGE('',*,*,#907,.F.);
#388=ORIENTED_EDGE('',*,*,#918,.F.);
#389=ORIENTED_EDGE('',*,*,#908,.T.);
#390=ORIENTED_EDGE('',*,*,#917,.T.);
#391=ORIENTED_EDGE('',*,*,#920,.F.);
#392=ORIENTED_EDGE('',*,*,#909,.T.);
#393=ORIENTED_EDGE('',*,*,#919,.T.);
#394=ORIENTED_EDGE('',*,*,#863,.F.);
#395=ORIENTED_EDGE('',*,*,#910,.F.);
#396=ORIENTED_EDGE('',*,*,#922,.F.);
#397=ORIENTED_EDGE('',*,*,#859,.T.);
#398=ORIENTED_EDGE('',*,*,#921,.T.);
#399=ORIENTED_EDGE('',*,*,#848,.F.);
#400=ORIENTED_EDGE('',*,*,#845,.F.);
#401=ORIENTED_EDGE('',*,*,#911,.F.);
#402=ORIENTED_EDGE('',*,*,#865,.F.);
#403=ORIENTED_EDGE('',*,*,#912,.T.);
#404=ORIENTED_EDGE('',*,*,#846,.T.);
#405=ORIENTED_EDGE('',*,*,#868,.T.);
#406=ORIENTED_EDGE('',*,*,#866,.T.);
#407=ORIENTED_EDGE('',*,*,#923,.F.);
#408=ORIENTED_EDGE('',*,*,#905,.F.);
#409=ORIENTED_EDGE('',*,*,#913,.F.);
#410=ORIENTED_EDGE('',*,*,#924,.F.);
#411=ORIENTED_EDGE('',*,*,#914,.T.);
#412=ORIENTED_EDGE('',*,*,#923,.T.);
#413=ORIENTED_EDGE('',*,*,#888,.T.);
#414=ORIENTED_EDGE('',*,*,#887,.T.);
#415=ORIENTED_EDGE('',*,*,#892,.T.);
#416=ORIENTED_EDGE('',*,*,#891,.T.);
#417=ORIENTED_EDGE('',*,*,#896,.T.);
#418=ORIENTED_EDGE('',*,*,#895,.T.);
#419=ORIENTED_EDGE('',*,*,#900,.T.);
#420=ORIENTED_EDGE('',*,*,#899,.T.);
#421=ORIENTED_EDGE('',*,*,#904,.T.);
#422=ORIENTED_EDGE('',*,*,#903,.T.);
#423=ORIENTED_EDGE('',*,*,#924,.T.);
#424=ORIENTED_EDGE('',*,*,#906,.T.);
#425=ORIENTED_EDGE('',*,*,#902,.T.);
#426=ORIENTED_EDGE('',*,*,#901,.T.);
#427=ORIENTED_EDGE('',*,*,#898,.T.);
#428=ORIENTED_EDGE('',*,*,#897,.T.);
#429=ORIENTED_EDGE('',*,*,#894,.T.);
#430=ORIENTED_EDGE('',*,*,#893,.T.);
#431=ORIENTED_EDGE('',*,*,#890,.T.);
#432=ORIENTED_EDGE('',*,*,#889,.T.);
#433=ORIENTED_EDGE('',*,*,#852,.F.);
#434=ORIENTED_EDGE('',*,*,#849,.F.);
#435=ORIENTED_EDGE('',*,*,#915,.F.);
#436=ORIENTED_EDGE('',*,*,#853,.T.);
#437=ORIENTED_EDGE('',*,*,#916,.T.);
#438=ORIENTED_EDGE('',*,*,#850,.T.);
#439=ORIENTED_EDGE('',*,*,#870,.T.);
#440=ORIENTED_EDGE('',*,*,#869,.T.);
#441=ORIENTED_EDGE('',*,*,#874,.T.);
#442=ORIENTED_EDGE('',*,*,#873,.T.);
#443=ORIENTED_EDGE('',*,*,#878,.T.);
#444=ORIENTED_EDGE('',*,*,#877,.T.);
#445=ORIENTED_EDGE('',*,*,#882,.T.);
#446=ORIENTED_EDGE('',*,*,#881,.T.);
#447=ORIENTED_EDGE('',*,*,#886,.T.);
#448=ORIENTED_EDGE('',*,*,#885,.T.);
#449=ORIENTED_EDGE('',*,*,#925,.T.);
#450=ORIENTED_EDGE('',*,*,#907,.T.);
#451=ORIENTED_EDGE('',*,*,#884,.T.);
#452=ORIENTED_EDGE('',*,*,#883,.T.);
#453=ORIENTED_EDGE('',*,*,#880,.T.);
#454=ORIENTED_EDGE('',*,*,#879,.T.);
#455=ORIENTED_EDGE('',*,*,#876,.T.);
#456=ORIENTED_EDGE('',*,*,#875,.T.);
#457=ORIENTED_EDGE('',*,*,#872,.T.);
#458=ORIENTED_EDGE('',*,*,#871,.T.);
#459=ORIENTED_EDGE('',*,*,#856,.F.);
#460=ORIENTED_EDGE('',*,*,#854,.F.);
#461=ORIENTED_EDGE('',*,*,#917,.F.);
#462=ORIENTED_EDGE('',*,*,#926,.T.);
#463=ORIENTED_EDGE('',*,*,#918,.T.);
#464=ORIENTED_EDGE('',*,*,#925,.F.);
#465=ORIENTED_EDGE('',*,*,#864,.T.);
#466=ORIENTED_EDGE('',*,*,#861,.T.);
#467=ORIENTED_EDGE('',*,*,#926,.F.);
#468=ORIENTED_EDGE('',*,*,#908,.F.);
#469=ORIENTED_EDGE('',*,*,#919,.F.);
#470=ORIENTED_EDGE('',*,*,#927,.T.);
#471=ORIENTED_EDGE('',*,*,#920,.T.);
#472=ORIENTED_EDGE('',*,*,#862,.F.);
#473=ORIENTED_EDGE('',*,*,#928,.T.);
#474=ORIENTED_EDGE('',*,*,#910,.T.);
#475=ORIENTED_EDGE('',*,*,#927,.F.);
#476=ORIENTED_EDGE('',*,*,#909,.F.);
#477=ORIENTED_EDGE('',*,*,#921,.F.);
#478=ORIENTED_EDGE('',*,*,#857,.T.);
#479=ORIENTED_EDGE('',*,*,#922,.T.);
#480=ORIENTED_EDGE('',*,*,#928,.F.);
#481=ORIENTED_EDGE('',*,*,#860,.F.);
#482=ORIENTED_EDGE('',*,*,#858,.F.);
#483=ORIENTED_EDGE('',*,*,#934,.T.);
#484=ORIENTED_EDGE('',*,*,#931,.F.);
#485=ORIENTED_EDGE('',*,*,#933,.F.);
#486=ORIENTED_EDGE('',*,*,#929,.F.);
#487=ORIENTED_EDGE('',*,*,#933,.T.);
#488=ORIENTED_EDGE('',*,*,#932,.F.);
#489=ORIENTED_EDGE('',*,*,#934,.F.);
#490=ORIENTED_EDGE('',*,*,#930,.F.);
#491=ORIENTED_EDGE('',*,*,#940,.T.);
#492=ORIENTED_EDGE('',*,*,#937,.F.);
#493=ORIENTED_EDGE('',*,*,#939,.F.);
#494=ORIENTED_EDGE('',*,*,#935,.F.);
#495=ORIENTED_EDGE('',*,*,#939,.T.);
#496=ORIENTED_EDGE('',*,*,#938,.F.);
#497=ORIENTED_EDGE('',*,*,#940,.F.);
#498=ORIENTED_EDGE('',*,*,#936,.F.);
#499=ORIENTED_EDGE('',*,*,#946,.T.);
#500=ORIENTED_EDGE('',*,*,#943,.F.);
#501=ORIENTED_EDGE('',*,*,#945,.F.);
#502=ORIENTED_EDGE('',*,*,#941,.F.);
#503=ORIENTED_EDGE('',*,*,#945,.T.);
#504=ORIENTED_EDGE('',*,*,#944,.F.);
#505=ORIENTED_EDGE('',*,*,#946,.F.);
#506=ORIENTED_EDGE('',*,*,#942,.F.);
#507=ORIENTED_EDGE('',*,*,#952,.T.);
#508=ORIENTED_EDGE('',*,*,#950,.F.);
#509=ORIENTED_EDGE('',*,*,#951,.F.);
#510=ORIENTED_EDGE('',*,*,#947,.F.);
#511=ORIENTED_EDGE('',*,*,#951,.T.);
#512=ORIENTED_EDGE('',*,*,#949,.F.);
#513=ORIENTED_EDGE('',*,*,#952,.F.);
#514=ORIENTED_EDGE('',*,*,#948,.F.);
#515=ORIENTED_EDGE('',*,*,#958,.T.);
#516=ORIENTED_EDGE('',*,*,#955,.F.);
#517=ORIENTED_EDGE('',*,*,#957,.F.);
#518=ORIENTED_EDGE('',*,*,#954,.F.);
#519=ORIENTED_EDGE('',*,*,#957,.T.);
#520=ORIENTED_EDGE('',*,*,#956,.F.);
#521=ORIENTED_EDGE('',*,*,#958,.F.);
#522=ORIENTED_EDGE('',*,*,#953,.F.);
#523=ORIENTED_EDGE('',*,*,#964,.T.);
#524=ORIENTED_EDGE('',*,*,#961,.F.);
#525=ORIENTED_EDGE('',*,*,#963,.F.);
#526=ORIENTED_EDGE('',*,*,#960,.F.);
#527=ORIENTED_EDGE('',*,*,#963,.T.);
#528=ORIENTED_EDGE('',*,*,#962,.F.);
#529=ORIENTED_EDGE('',*,*,#964,.F.);
#530=ORIENTED_EDGE('',*,*,#959,.F.);
#531=ORIENTED_EDGE('',*,*,#970,.T.);
#532=ORIENTED_EDGE('',*,*,#967,.F.);
#533=ORIENTED_EDGE('',*,*,#969,.F.);
#534=ORIENTED_EDGE('',*,*,#966,.F.);
#535=ORIENTED_EDGE('',*,*,#969,.T.);
#536=ORIENTED_EDGE('',*,*,#968,.F.);
#537=ORIENTED_EDGE('',*,*,#970,.F.);
#538=ORIENTED_EDGE('',*,*,#965,.F.);
#539=ORIENTED_EDGE('',*,*,#976,.T.);
#540=ORIENTED_EDGE('',*,*,#974,.F.);
#541=ORIENTED_EDGE('',*,*,#975,.F.);
#542=ORIENTED_EDGE('',*,*,#972,.F.);
#543=ORIENTED_EDGE('',*,*,#975,.T.);
#544=ORIENTED_EDGE('',*,*,#973,.F.);
#545=ORIENTED_EDGE('',*,*,#976,.F.);
#546=ORIENTED_EDGE('',*,*,#971,.F.);
#547=ORIENTED_EDGE('',*,*,#982,.T.);
#548=ORIENTED_EDGE('',*,*,#980,.F.);
#549=ORIENTED_EDGE('',*,*,#981,.F.);
#550=ORIENTED_EDGE('',*,*,#978,.F.);
#551=ORIENTED_EDGE('',*,*,#981,.T.);
#552=ORIENTED_EDGE('',*,*,#979,.F.);
#553=ORIENTED_EDGE('',*,*,#982,.F.);
#554=ORIENTED_EDGE('',*,*,#977,.F.);
#555=ORIENTED_EDGE('',*,*,#984,.F.);
#556=ORIENTED_EDGE('',*,*,#904,.F.);
#557=ORIENTED_EDGE('',*,*,#983,.T.);
#558=ORIENTED_EDGE('',*,*,#938,.T.);
#559=ORIENTED_EDGE('',*,*,#983,.F.);
#560=ORIENTED_EDGE('',*,*,#903,.F.);
#561=ORIENTED_EDGE('',*,*,#984,.T.);
#562=ORIENTED_EDGE('',*,*,#937,.T.);
#563=ORIENTED_EDGE('',*,*,#986,.F.);
#564=ORIENTED_EDGE('',*,*,#902,.F.);
#565=ORIENTED_EDGE('',*,*,#985,.T.);
#566=ORIENTED_EDGE('',*,*,#944,.T.);
#567=ORIENTED_EDGE('',*,*,#985,.F.);
#568=ORIENTED_EDGE('',*,*,#901,.F.);
#569=ORIENTED_EDGE('',*,*,#986,.T.);
#570=ORIENTED_EDGE('',*,*,#943,.T.);
#571=ORIENTED_EDGE('',*,*,#988,.F.);
#572=ORIENTED_EDGE('',*,*,#900,.F.);
#573=ORIENTED_EDGE('',*,*,#987,.T.);
#574=ORIENTED_EDGE('',*,*,#950,.T.);
#575=ORIENTED_EDGE('',*,*,#987,.F.);
#576=ORIENTED_EDGE('',*,*,#899,.F.);
#577=ORIENTED_EDGE('',*,*,#988,.T.);
#578=ORIENTED_EDGE('',*,*,#949,.T.);
#579=ORIENTED_EDGE('',*,*,#990,.F.);
#580=ORIENTED_EDGE('',*,*,#898,.F.);
#581=ORIENTED_EDGE('',*,*,#989,.T.);
#582=ORIENTED_EDGE('',*,*,#932,.T.);
#583=ORIENTED_EDGE('',*,*,#989,.F.);
#584=ORIENTED_EDGE('',*,*,#897,.F.);
#585=ORIENTED_EDGE('',*,*,#990,.T.);
#586=ORIENTED_EDGE('',*,*,#931,.T.);
#587=ORIENTED_EDGE('',*,*,#992,.F.);
#588=ORIENTED_EDGE('',*,*,#896,.F.);
#589=ORIENTED_EDGE('',*,*,#991,.T.);
#590=ORIENTED_EDGE('',*,*,#956,.T.);
#591=ORIENTED_EDGE('',*,*,#991,.F.);
#592=ORIENTED_EDGE('',*,*,#895,.F.);
#593=ORIENTED_EDGE('',*,*,#992,.T.);
#594=ORIENTED_EDGE('',*,*,#955,.T.);
#595=ORIENTED_EDGE('',*,*,#994,.F.);
#596=ORIENTED_EDGE('',*,*,#894,.F.);
#597=ORIENTED_EDGE('',*,*,#993,.T.);
#598=ORIENTED_EDGE('',*,*,#962,.T.);
#599=ORIENTED_EDGE('',*,*,#993,.F.);
#600=ORIENTED_EDGE('',*,*,#893,.F.);
#601=ORIENTED_EDGE('',*,*,#994,.T.);
#602=ORIENTED_EDGE('',*,*,#961,.T.);
#603=ORIENTED_EDGE('',*,*,#996,.F.);
#604=ORIENTED_EDGE('',*,*,#892,.F.);
#605=ORIENTED_EDGE('',*,*,#995,.T.);
#606=ORIENTED_EDGE('',*,*,#968,.T.);
#607=ORIENTED_EDGE('',*,*,#995,.F.);
#608=ORIENTED_EDGE('',*,*,#891,.F.);
#609=ORIENTED_EDGE('',*,*,#996,.T.);
#610=ORIENTED_EDGE('',*,*,#967,.T.);
#611=ORIENTED_EDGE('',*,*,#998,.F.);
#612=ORIENTED_EDGE('',*,*,#890,.F.);
#613=ORIENTED_EDGE('',*,*,#997,.T.);
#614=ORIENTED_EDGE('',*,*,#974,.T.);
#615=ORIENTED_EDGE('',*,*,#997,.F.);
#616=ORIENTED_EDGE('',*,*,#889,.F.);
#617=ORIENTED_EDGE('',*,*,#998,.T.);
#618=ORIENTED_EDGE('',*,*,#973,.T.);
#619=ORIENTED_EDGE('',*,*,#1000,.F.);
#620=ORIENTED_EDGE('',*,*,#888,.F.);
#621=ORIENTED_EDGE('',*,*,#999,.T.);
#622=ORIENTED_EDGE('',*,*,#980,.T.);
#623=ORIENTED_EDGE('',*,*,#999,.F.);
#624=ORIENTED_EDGE('',*,*,#887,.F.);
#625=ORIENTED_EDGE('',*,*,#1000,.T.);
#626=ORIENTED_EDGE('',*,*,#979,.T.);
#627=ORIENTED_EDGE('',*,*,#1002,.F.);
#628=ORIENTED_EDGE('',*,*,#886,.F.);
#629=ORIENTED_EDGE('',*,*,#1001,.T.);
#630=ORIENTED_EDGE('',*,*,#930,.T.);
#631=ORIENTED_EDGE('',*,*,#1001,.F.);
#632=ORIENTED_EDGE('',*,*,#885,.F.);
#633=ORIENTED_EDGE('',*,*,#1002,.T.);
#634=ORIENTED_EDGE('',*,*,#929,.T.);
#635=ORIENTED_EDGE('',*,*,#1004,.F.);
#636=ORIENTED_EDGE('',*,*,#884,.F.);
#637=ORIENTED_EDGE('',*,*,#1003,.T.);
#638=ORIENTED_EDGE('',*,*,#954,.T.);
#639=ORIENTED_EDGE('',*,*,#1003,.F.);
#640=ORIENTED_EDGE('',*,*,#883,.F.);
#641=ORIENTED_EDGE('',*,*,#1004,.T.);
#642=ORIENTED_EDGE('',*,*,#953,.T.);
#643=ORIENTED_EDGE('',*,*,#1006,.F.);
#644=ORIENTED_EDGE('',*,*,#882,.F.);
#645=ORIENTED_EDGE('',*,*,#1005,.T.);
#646=ORIENTED_EDGE('',*,*,#960,.T.);
#647=ORIENTED_EDGE('',*,*,#1005,.F.);
#648=ORIENTED_EDGE('',*,*,#881,.F.);
#649=ORIENTED_EDGE('',*,*,#1006,.T.);
#650=ORIENTED_EDGE('',*,*,#959,.T.);
#651=ORIENTED_EDGE('',*,*,#1008,.F.);
#652=ORIENTED_EDGE('',*,*,#880,.F.);
#653=ORIENTED_EDGE('',*,*,#1007,.T.);
#654=ORIENTED_EDGE('',*,*,#966,.T.);
#655=ORIENTED_EDGE('',*,*,#1007,.F.);
#656=ORIENTED_EDGE('',*,*,#879,.F.);
#657=ORIENTED_EDGE('',*,*,#1008,.T.);
#658=ORIENTED_EDGE('',*,*,#965,.T.);
#659=ORIENTED_EDGE('',*,*,#1010,.F.);
#660=ORIENTED_EDGE('',*,*,#878,.F.);
#661=ORIENTED_EDGE('',*,*,#1009,.T.);
#662=ORIENTED_EDGE('',*,*,#972,.T.);
#663=ORIENTED_EDGE('',*,*,#1009,.F.);
#664=ORIENTED_EDGE('',*,*,#877,.F.);
#665=ORIENTED_EDGE('',*,*,#1010,.T.);
#666=ORIENTED_EDGE('',*,*,#971,.T.);
#667=ORIENTED_EDGE('',*,*,#1012,.F.);
#668=ORIENTED_EDGE('',*,*,#876,.F.);
#669=ORIENTED_EDGE('',*,*,#1011,.T.);
#670=ORIENTED_EDGE('',*,*,#936,.T.);
#671=ORIENTED_EDGE('',*,*,#1011,.F.);
#672=ORIENTED_EDGE('',*,*,#875,.F.);
#673=ORIENTED_EDGE('',*,*,#1012,.T.);
#674=ORIENTED_EDGE('',*,*,#935,.T.);
#675=ORIENTED_EDGE('',*,*,#1014,.F.);
#676=ORIENTED_EDGE('',*,*,#874,.F.);
#677=ORIENTED_EDGE('',*,*,#1013,.T.);
#678=ORIENTED_EDGE('',*,*,#942,.T.);
#679=ORIENTED_EDGE('',*,*,#1013,.F.);
#680=ORIENTED_EDGE('',*,*,#873,.F.);
#681=ORIENTED_EDGE('',*,*,#1014,.T.);
#682=ORIENTED_EDGE('',*,*,#941,.T.);
#683=ORIENTED_EDGE('',*,*,#1016,.F.);
#684=ORIENTED_EDGE('',*,*,#872,.F.);
#685=ORIENTED_EDGE('',*,*,#1015,.T.);
#686=ORIENTED_EDGE('',*,*,#948,.T.);
#687=ORIENTED_EDGE('',*,*,#1015,.F.);
#688=ORIENTED_EDGE('',*,*,#871,.F.);
#689=ORIENTED_EDGE('',*,*,#1016,.T.);
#690=ORIENTED_EDGE('',*,*,#947,.T.);
#691=ORIENTED_EDGE('',*,*,#1018,.F.);
#692=ORIENTED_EDGE('',*,*,#870,.F.);
#693=ORIENTED_EDGE('',*,*,#1017,.T.);
#694=ORIENTED_EDGE('',*,*,#978,.T.);
#695=ORIENTED_EDGE('',*,*,#1017,.F.);
#696=ORIENTED_EDGE('',*,*,#869,.F.);
#697=ORIENTED_EDGE('',*,*,#1018,.T.);
#698=ORIENTED_EDGE('',*,*,#977,.T.);
#699=ORIENTED_EDGE('',*,*,#1020,.T.);
#700=ORIENTED_EDGE('',*,*,#868,.F.);
#701=ORIENTED_EDGE('',*,*,#1019,.F.);
#702=ORIENTED_EDGE('',*,*,#867,.T.);
#703=ORIENTED_EDGE('',*,*,#1019,.T.);
#704=ORIENTED_EDGE('',*,*,#866,.F.);
#705=ORIENTED_EDGE('',*,*,#1020,.F.);
#706=ORIENTED_EDGE('',*,*,#865,.T.);
#707=ORIENTED_EDGE('',*,*,#1022,.T.);
#708=ORIENTED_EDGE('',*,*,#864,.F.);
#709=ORIENTED_EDGE('',*,*,#1021,.F.);
#710=ORIENTED_EDGE('',*,*,#863,.T.);
#711=ORIENTED_EDGE('',*,*,#1021,.T.);
#712=ORIENTED_EDGE('',*,*,#861,.F.);
#713=ORIENTED_EDGE('',*,*,#1022,.F.);
#714=ORIENTED_EDGE('',*,*,#862,.T.);
#715=ORIENTED_EDGE('',*,*,#1024,.F.);
#716=ORIENTED_EDGE('',*,*,#859,.F.);
#717=ORIENTED_EDGE('',*,*,#1023,.T.);
#718=ORIENTED_EDGE('',*,*,#860,.T.);
#719=ORIENTED_EDGE('',*,*,#1023,.F.);
#720=ORIENTED_EDGE('',*,*,#857,.F.);
#721=ORIENTED_EDGE('',*,*,#1024,.T.);
#722=ORIENTED_EDGE('',*,*,#858,.T.);
#723=ORIENTED_EDGE('',*,*,#1026,.F.);
#724=ORIENTED_EDGE('',*,*,#855,.F.);
#725=ORIENTED_EDGE('',*,*,#1025,.T.);
#726=ORIENTED_EDGE('',*,*,#856,.T.);
#727=ORIENTED_EDGE('',*,*,#1025,.F.);
#728=ORIENTED_EDGE('',*,*,#853,.F.);
#729=ORIENTED_EDGE('',*,*,#1026,.T.);
#730=ORIENTED_EDGE('',*,*,#854,.T.);
#731=ORIENTED_EDGE('',*,*,#1028,.F.);
#732=ORIENTED_EDGE('',*,*,#851,.F.);
#733=ORIENTED_EDGE('',*,*,#1027,.T.);
#734=ORIENTED_EDGE('',*,*,#852,.T.);
#735=ORIENTED_EDGE('',*,*,#1027,.F.);
#736=ORIENTED_EDGE('',*,*,#850,.F.);
#737=ORIENTED_EDGE('',*,*,#1028,.T.);
#738=ORIENTED_EDGE('',*,*,#849,.T.);
#739=ORIENTED_EDGE('',*,*,#1030,.F.);
#740=ORIENTED_EDGE('',*,*,#847,.F.);
#741=ORIENTED_EDGE('',*,*,#1029,.T.);
#742=ORIENTED_EDGE('',*,*,#848,.T.);
#743=ORIENTED_EDGE('',*,*,#1029,.F.);
#744=ORIENTED_EDGE('',*,*,#846,.F.);
#745=ORIENTED_EDGE('',*,*,#1030,.T.);
#746=ORIENTED_EDGE('',*,*,#845,.T.);
#747=CYLINDRICAL_SURFACE('',#1480,15.);
#748=CYLINDRICAL_SURFACE('',#1481,17.3);
#749=CYLINDRICAL_SURFACE('',#1482,50.);
#750=CYLINDRICAL_SURFACE('',#1483,17.3);
#751=CYLINDRICAL_SURFACE('',#1484,15.);
#752=CYLINDRICAL_SURFACE('',#1485,12.7);
#753=CYLINDRICAL_SURFACE('',#1487,15.);
#754=CYLINDRICAL_SURFACE('',#1489,17.3);
#755=CYLINDRICAL_SURFACE('',#1491,50.);
#756=CYLINDRICAL_SURFACE('',#1493,17.3);
#757=CYLINDRICAL_SURFACE('',#1495,15.);
#758=CYLINDRICAL_SURFACE('',#1497,12.7);
#759=CYLINDRICAL_SURFACE('',#1499,3.);
#760=CYLINDRICAL_SURFACE('',#1500,3.);
#761=CYLINDRICAL_SURFACE('',#1501,3.);
#762=CYLINDRICAL_SURFACE('',#1502,3.);
#763=CYLINDRICAL_SURFACE('',#1503,3.);
#764=CYLINDRICAL_SURFACE('',#1504,3.);
#765=CYLINDRICAL_SURFACE('',#1505,3.);
#766=CYLINDRICAL_SURFACE('',#1506,3.);
#767=CYLINDRICAL_SURFACE('',#1507,3.);
#768=CYLINDRICAL_SURFACE('',#1508,3.);
#769=CYLINDRICAL_SURFACE('',#1509,3.);
#770=CYLINDRICAL_SURFACE('',#1510,3.);
#771=CYLINDRICAL_SURFACE('',#1511,3.);
#772=CYLINDRICAL_SURFACE('',#1512,3.);
#773=CYLINDRICAL_SURFACE('',#1513,3.);
#774=CYLINDRICAL_SURFACE('',#1514,3.);
#775=CYLINDRICAL_SURFACE('',#1515,3.);
#776=CYLINDRICAL_SURFACE('',#1516,3.);
#777=STYLED_ITEM('',(#778),#17);
#778=PRESENTATION_STYLE_ASSIGNMENT((#779));
#779=SURFACE_STYLE_USAGE(.BOTH.,#780);
#780=SURFACE_SIDE_STYLE('',(#781));
#781=SURFACE_STYLE_FILL_AREA(#782);
#782=FILL_AREA_STYLE('',(#783));
#783=FILL_AREA_STYLE_COLOUR('',#784);
#784=COLOUR_RGB('Colour',0.784313725490196,0.784313725490196,0.862745098039216);
#785=LINE('',#2263,#815);
#786=LINE('',#2264,#816);
#787=LINE('',#2265,#817);
#788=LINE('',#2266,#818);
#789=LINE('',#2267,#819);
#790=LINE('',#2268,#820);
#791=LINE('',#2269,#821);
#792=LINE('',#2270,#822);
#793=LINE('',#2271,#823);
#794=LINE('',#2272,#824);
#795=LINE('',#2273,#825);
#796=LINE('',#2274,#826);
#797=LINE('',#2285,#827);
#798=LINE('',#2286,#828);
#799=LINE('',#2291,#829);
#800=LINE('',#2292,#830);
#801=LINE('',#2297,#831);
#802=LINE('',#2298,#832);
#803=LINE('',#2303,#833);
#804=LINE('',#2304,#834);
#805=LINE('',#2309,#835);
#806=LINE('',#2310,#836);
#807=LINE('',#2315,#837);
#808=LINE('',#2316,#838);
#809=LINE('',#2321,#839);
#810=LINE('',#2322,#840);
#811=LINE('',#2327,#841);
#812=LINE('',#2328,#842);
#813=LINE('',#2333,#843);
#814=LINE('',#2334,#844);
#815=VECTOR('',#1703,91.);
#816=VECTOR('',#1704,91.);
#817=VECTOR('',#1705,20.);
#818=VECTOR('',#1706,20.);
#819=VECTOR('',#1707,8.);
#820=VECTOR('',#1708,8.);
#821=VECTOR('',#1709,7.);
#822=VECTOR('',#1710,7.);
#823=VECTOR('',#1711,12.);
#824=VECTOR('',#1712,12.);
#825=VECTOR('',#1713,55.);
#826=VECTOR('',#1714,55.);
#827=VECTOR('',#1735,9.);
#828=VECTOR('',#1736,9.);
#829=VECTOR('',#1745,9.);
#830=VECTOR('',#1746,9.);
#831=VECTOR('',#1755,9.);
#832=VECTOR('',#1756,9.);
#833=VECTOR('',#1765,9.);
#834=VECTOR('',#1766,9.);
#835=VECTOR('',#1775,9.);
#836=VECTOR('',#1776,9.);
#837=VECTOR('',#1785,9.);
#838=VECTOR('',#1786,9.);
#839=VECTOR('',#1795,9.);
#840=VECTOR('',#1796,9.);
#841=VECTOR('',#1805,9.);
#842=VECTOR('',#1806,9.);
#843=VECTOR('',#1815,9.);
#844=VECTOR('',#1816,9.);
#845=EDGE_CURVE('',#1294,#1293,#1031,.T.);
#846=EDGE_CURVE('',#1292,#1291,#1032,.T.);
#847=EDGE_CURVE('',#1291,#1292,#1033,.T.);
#848=EDGE_CURVE('',#1293,#1294,#1034,.T.);
#849=EDGE_CURVE('',#1290,#1289,#1035,.T.);
#850=EDGE_CURVE('',#1288,#1287,#1036,.T.);
#851=EDGE_CURVE('',#1287,#1288,#1037,.T.);
#852=EDGE_CURVE('',#1289,#1290,#1038,.T.);
#853=EDGE_CURVE('',#1286,#1285,#1039,.T.);
#854=EDGE_CURVE('',#1284,#1283,#1040,.T.);
#855=EDGE_CURVE('',#1285,#1286,#1041,.T.);
#856=EDGE_CURVE('',#1283,#1284,#1042,.T.);
#857=EDGE_CURVE('',#1282,#1281,#1043,.T.);
#858=EDGE_CURVE('',#1280,#1279,#1044,.T.);
#859=EDGE_CURVE('',#1281,#1282,#1045,.T.);
#860=EDGE_CURVE('',#1279,#1280,#1046,.T.);
#861=EDGE_CURVE('',#1278,#1277,#1047,.T.);
#862=EDGE_CURVE('',#1276,#1275,#1048,.T.);
#863=EDGE_CURVE('',#1275,#1276,#1049,.T.);
#864=EDGE_CURVE('',#1277,#1278,#1050,.T.);
#865=EDGE_CURVE('',#1274,#1273,#1051,.T.);
#866=EDGE_CURVE('',#1272,#1271,#1052,.T.);
#867=EDGE_CURVE('',#1273,#1274,#1053,.T.);
#868=EDGE_CURVE('',#1271,#1272,#1054,.T.);
#869=EDGE_CURVE('',#1270,#1269,#1055,.T.);
#870=EDGE_CURVE('',#1269,#1270,#1056,.T.);
#871=EDGE_CURVE('',#1268,#1267,#1057,.T.);
#872=EDGE_CURVE('',#1267,#1268,#1058,.T.);
#873=EDGE_CURVE('',#1266,#1265,#1059,.T.);
#874=EDGE_CURVE('',#1265,#1266,#1060,.T.);
#875=EDGE_CURVE('',#1264,#1263,#1061,.T.);
#876=EDGE_CURVE('',#1263,#1264,#1062,.T.);
#877=EDGE_CURVE('',#1262,#1261,#1063,.T.);
#878=EDGE_CURVE('',#1261,#1262,#1064,.T.);
#879=EDGE_CURVE('',#1260,#1259,#1065,.T.);
#880=EDGE_CURVE('',#1259,#1260,#1066,.T.);
#881=EDGE_CURVE('',#1258,#1257,#1067,.T.);
#882=EDGE_CURVE('',#1257,#1258,#1068,.T.);
#883=EDGE_CURVE('',#1256,#1255,#1069,.T.);
#884=EDGE_CURVE('',#1255,#1256,#1070,.T.);
#885=EDGE_CURVE('',#1254,#1253,#1071,.T.);
#886=EDGE_CURVE('',#1253,#1254,#1072,.T.);
#887=EDGE_CURVE('',#1252,#1251,#1073,.T.);
#888=EDGE_CURVE('',#1251,#1252,#1074,.T.);
#889=EDGE_CURVE('',#1250,#1249,#1075,.T.);
#890=EDGE_CURVE('',#1249,#1250,#1076,.T.);
#891=EDGE_CURVE('',#1248,#1247,#1077,.T.);
#892=EDGE_CURVE('',#1247,#1248,#1078,.T.);
#893=EDGE_CURVE('',#1246,#1245,#1079,.T.);
#894=EDGE_CURVE('',#1245,#1246,#1080,.T.);
#895=EDGE_CURVE('',#1244,#1243,#1081,.T.);
#896=EDGE_CURVE('',#1243,#1244,#1082,.T.);
#897=EDGE_CURVE('',#1242,#1241,#1083,.T.);
#898=EDGE_CURVE('',#1241,#1242,#1084,.T.);
#899=EDGE_CURVE('',#1240,#1239,#1085,.T.);
#900=EDGE_CURVE('',#1239,#1240,#1086,.T.);
#901=EDGE_CURVE('',#1238,#1237,#1087,.T.);
#902=EDGE_CURVE('',#1237,#1238,#1088,.T.);
#903=EDGE_CURVE('',#1236,#1235,#1089,.T.);
#904=EDGE_CURVE('',#1235,#1236,#1090,.T.);
#905=EDGE_CURVE('',#1234,#1233,#1091,.T.);
#906=EDGE_CURVE('',#1232,#1231,#1092,.T.);
#907=EDGE_CURVE('',#1230,#1229,#1093,.T.);
#908=EDGE_CURVE('',#1228,#1227,#1094,.T.);
#909=EDGE_CURVE('',#1226,#1225,#1095,.T.);
#910=EDGE_CURVE('',#1224,#1223,#1096,.T.);
#911=EDGE_CURVE('',#1273,#1291,#785,.T.);
#912=EDGE_CURVE('',#1274,#1292,#786,.T.);
#913=EDGE_CURVE('',#1232,#1234,#787,.T.);
#914=EDGE_CURVE('',#1231,#1233,#788,.T.);
#915=EDGE_CURVE('',#1286,#1287,#789,.T.);
#916=EDGE_CURVE('',#1285,#1288,#790,.T.);
#917=EDGE_CURVE('',#1227,#1229,#791,.T.);
#918=EDGE_CURVE('',#1228,#1230,#792,.T.);
#919=EDGE_CURVE('',#1225,#1276,#793,.T.);
#920=EDGE_CURVE('',#1226,#1275,#794,.T.);
#921=EDGE_CURVE('',#1282,#1223,#795,.T.);
#922=EDGE_CURVE('',#1281,#1224,#796,.T.);
#923=EDGE_CURVE('',#1233,#1234,#1097,.T.);
#924=EDGE_CURVE('',#1231,#1232,#1098,.T.);
#925=EDGE_CURVE('',#1229,#1230,#1099,.T.);
#926=EDGE_CURVE('',#1227,#1228,#1100,.T.);
#927=EDGE_CURVE('',#1225,#1226,#1101,.T.);
#928=EDGE_CURVE('',#1223,#1224,#1102,.T.);
#929=EDGE_CURVE('',#1222,#1221,#1103,.T.);
#930=EDGE_CURVE('',#1221,#1222,#1104,.T.);
#931=EDGE_CURVE('',#1220,#1219,#1105,.T.);
#932=EDGE_CURVE('',#1219,#1220,#1106,.T.);
#933=EDGE_CURVE('',#1221,#1220,#797,.T.);
#934=EDGE_CURVE('',#1222,#1219,#798,.T.);
#935=EDGE_CURVE('',#1218,#1217,#1107,.T.);
#936=EDGE_CURVE('',#1217,#1218,#1108,.T.);
#937=EDGE_CURVE('',#1216,#1215,#1109,.T.);
#938=EDGE_CURVE('',#1215,#1216,#1110,.T.);
#939=EDGE_CURVE('',#1217,#1216,#799,.T.);
#940=EDGE_CURVE('',#1218,#1215,#800,.T.);
#941=EDGE_CURVE('',#1214,#1213,#1111,.T.);
#942=EDGE_CURVE('',#1213,#1214,#1112,.T.);
#943=EDGE_CURVE('',#1212,#1211,#1113,.T.);
#944=EDGE_CURVE('',#1211,#1212,#1114,.T.);
#945=EDGE_CURVE('',#1213,#1212,#801,.T.);
#946=EDGE_CURVE('',#1214,#1211,#802,.T.);
#947=EDGE_CURVE('',#1210,#1209,#1115,.T.);
#948=EDGE_CURVE('',#1209,#1210,#1116,.T.);
#949=EDGE_CURVE('',#1208,#1207,#1117,.T.);
#950=EDGE_CURVE('',#1207,#1208,#1118,.T.);
#951=EDGE_CURVE('',#1209,#1207,#803,.T.);
#952=EDGE_CURVE('',#1210,#1208,#804,.T.);
#953=EDGE_CURVE('',#1206,#1205,#1119,.T.);
#954=EDGE_CURVE('',#1205,#1206,#1120,.T.);
#955=EDGE_CURVE('',#1204,#1203,#1121,.T.);
#956=EDGE_CURVE('',#1203,#1204,#1122,.T.);
#957=EDGE_CURVE('',#1206,#1204,#805,.T.);
#958=EDGE_CURVE('',#1205,#1203,#806,.T.);
#959=EDGE_CURVE('',#1202,#1201,#1123,.T.);
#960=EDGE_CURVE('',#1201,#1202,#1124,.T.);
#961=EDGE_CURVE('',#1200,#1199,#1125,.T.);
#962=EDGE_CURVE('',#1199,#1200,#1126,.T.);
#963=EDGE_CURVE('',#1202,#1200,#807,.T.);
#964=EDGE_CURVE('',#1201,#1199,#808,.T.);
#965=EDGE_CURVE('',#1198,#1197,#1127,.T.);
#966=EDGE_CURVE('',#1197,#1198,#1128,.T.);
#967=EDGE_CURVE('',#1196,#1195,#1129,.T.);
#968=EDGE_CURVE('',#1195,#1196,#1130,.T.);
#969=EDGE_CURVE('',#1198,#1196,#809,.T.);
#970=EDGE_CURVE('',#1197,#1195,#810,.T.);
#971=EDGE_CURVE('',#1194,#1193,#1131,.T.);
#972=EDGE_CURVE('',#1193,#1194,#1132,.T.);
#973=EDGE_CURVE('',#1192,#1191,#1133,.T.);
#974=EDGE_CURVE('',#1191,#1192,#1134,.T.);
#975=EDGE_CURVE('',#1194,#1191,#811,.T.);
#976=EDGE_CURVE('',#1193,#1192,#812,.T.);
#977=EDGE_CURVE('',#1190,#1189,#1135,.T.);
#978=EDGE_CURVE('',#1189,#1190,#1136,.T.);
#979=EDGE_CURVE('',#1188,#1187,#1137,.T.);
#980=EDGE_CURVE('',#1187,#1188,#1138,.T.);
#981=EDGE_CURVE('',#1190,#1187,#813,.T.);
#982=EDGE_CURVE('',#1189,#1188,#814,.T.);
#983=EDGE_CURVE('',#1235,#1215,#1139,.T.);
#984=EDGE_CURVE('',#1236,#1216,#1140,.T.);
#985=EDGE_CURVE('',#1237,#1211,#1141,.T.);
#986=EDGE_CURVE('',#1238,#1212,#1142,.T.);
#987=EDGE_CURVE('',#1239,#1207,#1143,.T.);
#988=EDGE_CURVE('',#1240,#1208,#1144,.T.);
#989=EDGE_CURVE('',#1241,#1219,#1145,.T.);
#990=EDGE_CURVE('',#1242,#1220,#1146,.T.);
#991=EDGE_CURVE('',#1243,#1203,#1147,.T.);
#992=EDGE_CURVE('',#1244,#1204,#1148,.T.);
#993=EDGE_CURVE('',#1245,#1199,#1149,.T.);
#994=EDGE_CURVE('',#1246,#1200,#1150,.T.);
#995=EDGE_CURVE('',#1247,#1195,#1151,.T.);
#996=EDGE_CURVE('',#1248,#1196,#1152,.T.);
#997=EDGE_CURVE('',#1249,#1191,#1153,.T.);
#998=EDGE_CURVE('',#1250,#1192,#1154,.T.);
#999=EDGE_CURVE('',#1251,#1187,#1155,.T.);
#1000=EDGE_CURVE('',#1252,#1188,#1156,.T.);
#1001=EDGE_CURVE('',#1253,#1221,#1157,.T.);
#1002=EDGE_CURVE('',#1254,#1222,#1158,.T.);
#1003=EDGE_CURVE('',#1255,#1205,#1159,.T.);
#1004=EDGE_CURVE('',#1256,#1206,#1160,.T.);
#1005=EDGE_CURVE('',#1257,#1201,#1161,.T.);
#1006=EDGE_CURVE('',#1258,#1202,#1162,.T.);
#1007=EDGE_CURVE('',#1259,#1197,#1163,.T.);
#1008=EDGE_CURVE('',#1260,#1198,#1164,.T.);
#1009=EDGE_CURVE('',#1261,#1193,#1165,.T.);
#1010=EDGE_CURVE('',#1262,#1194,#1166,.T.);
#1011=EDGE_CURVE('',#1263,#1217,#1167,.T.);
#1012=EDGE_CURVE('',#1264,#1218,#1168,.T.);
#1013=EDGE_CURVE('',#1265,#1213,#1169,.T.);
#1014=EDGE_CURVE('',#1266,#1214,#1170,.T.);
#1015=EDGE_CURVE('',#1267,#1209,#1171,.T.);
#1016=EDGE_CURVE('',#1268,#1210,#1172,.T.);
#1017=EDGE_CURVE('',#1269,#1189,#1173,.T.);
#1018=EDGE_CURVE('',#1270,#1190,#1174,.T.);
#1019=EDGE_CURVE('',#1273,#1271,#1175,.T.);
#1020=EDGE_CURVE('',#1274,#1272,#1176,.T.);
#1021=EDGE_CURVE('',#1275,#1277,#1177,.T.);
#1022=EDGE_CURVE('',#1276,#1278,#1178,.T.);
#1023=EDGE_CURVE('',#1281,#1279,#1179,.T.);
#1024=EDGE_CURVE('',#1282,#1280,#1180,.T.);
#1025=EDGE_CURVE('',#1285,#1283,#1181,.T.);
#1026=EDGE_CURVE('',#1286,#1284,#1182,.T.);
#1027=EDGE_CURVE('',#1287,#1289,#1183,.T.);
#1028=EDGE_CURVE('',#1288,#1290,#1184,.T.);
#1029=EDGE_CURVE('',#1291,#1293,#1185,.T.);
#1030=EDGE_CURVE('',#1292,#1294,#1186,.T.);
#1031=CIRCLE('',#1324,14.);
#1032=CIRCLE('',#1325,15.);
#1033=CIRCLE('',#1326,15.);
#1034=CIRCLE('',#1327,14.);
#1035=CIRCLE('',#1328,49.);
#1036=CIRCLE('',#1329,50.);
#1037=CIRCLE('',#1330,50.);
#1038=CIRCLE('',#1331,49.);
#1039=CIRCLE('',#1332,50.);
#1040=CIRCLE('',#1333,49.);
#1041=CIRCLE('',#1334,50.);
#1042=CIRCLE('',#1335,49.);
#1043=CIRCLE('',#1336,12.7);
#1044=CIRCLE('',#1337,11.7);
#1045=CIRCLE('',#1338,12.7);
#1046=CIRCLE('',#1339,11.7000000000001);
#1047=CIRCLE('',#1340,16.);
#1048=CIRCLE('',#1341,15.);
#1049=CIRCLE('',#1342,15.);
#1050=CIRCLE('',#1343,16.);
#1051=CIRCLE('',#1344,15.);
#1052=CIRCLE('',#1345,16.);
#1053=CIRCLE('',#1346,15.);
#1054=CIRCLE('',#1347,16.);
#1055=CIRCLE('',#1348,3.5);
#1056=CIRCLE('',#1349,3.5);
#1057=CIRCLE('',#1350,3.5);
#1058=CIRCLE('',#1351,3.5);
#1059=CIRCLE('',#1352,3.5);
#1060=CIRCLE('',#1353,3.5);
#1061=CIRCLE('',#1354,3.5);
#1062=CIRCLE('',#1355,3.5);
#1063=CIRCLE('',#1356,3.5);
#1064=CIRCLE('',#1357,3.5);
#1065=CIRCLE('',#1358,3.5);
#1066=CIRCLE('',#1359,3.5);
#1067=CIRCLE('',#1360,3.5);
#1068=CIRCLE('',#1361,3.5);
#1069=CIRCLE('',#1362,3.5);
#1070=CIRCLE('',#1363,3.5);
#1071=CIRCLE('',#1364,3.5);
#1072=CIRCLE('',#1365,3.50000000000001);
#1073=CIRCLE('',#1366,3.5);
#1074=CIRCLE('',#1367,3.5);
#1075=CIRCLE('',#1368,3.5);
#1076=CIRCLE('',#1369,3.5);
#1077=CIRCLE('',#1370,3.5);
#1078=CIRCLE('',#1371,3.5);
#1079=CIRCLE('',#1372,3.5);
#1080=CIRCLE('',#1373,3.5);
#1081=CIRCLE('',#1374,3.5);
#1082=CIRCLE('',#1375,3.5);
#1083=CIRCLE('',#1376,3.49999999999999);
#1084=CIRCLE('',#1377,3.5);
#1085=CIRCLE('',#1378,3.5);
#1086=CIRCLE('',#1379,3.5);
#1087=CIRCLE('',#1380,3.5);
#1088=CIRCLE('',#1381,3.5);
#1089=CIRCLE('',#1382,3.5);
#1090=CIRCLE('',#1383,3.5);
#1091=CIRCLE('',#1384,17.3);
#1092=CIRCLE('',#1385,17.3);
#1093=CIRCLE('',#1386,17.3);
#1094=CIRCLE('',#1387,17.3);
#1095=CIRCLE('',#1388,15.);
#1096=CIRCLE('',#1389,12.7);
#1097=CIRCLE('',#1390,17.3);
#1098=CIRCLE('',#1391,17.3);
#1099=CIRCLE('',#1392,17.3);
#1100=CIRCLE('',#1393,17.3);
#1101=CIRCLE('',#1394,15.);
#1102=CIRCLE('',#1395,12.7);
#1103=CIRCLE('',#1396,3.);
#1104=CIRCLE('',#1397,3.);
#1105=CIRCLE('',#1398,3.);
#1106=CIRCLE('',#1399,3.);
#1107=CIRCLE('',#1400,3.);
#1108=CIRCLE('',#1401,3.);
#1109=CIRCLE('',#1402,3.);
#1110=CIRCLE('',#1403,3.);
#1111=CIRCLE('',#1404,3.);
#1112=CIRCLE('',#1405,3.);
#1113=CIRCLE('',#1406,3.);
#1114=CIRCLE('',#1407,3.);
#1115=CIRCLE('',#1408,3.);
#1116=CIRCLE('',#1409,3.);
#1117=CIRCLE('',#1410,3.);
#1118=CIRCLE('',#1411,3.);
#1119=CIRCLE('',#1412,3.);
#1120=CIRCLE('',#1413,3.);
#1121=CIRCLE('',#1414,3.);
#1122=CIRCLE('',#1415,3.);
#1123=CIRCLE('',#1416,3.);
#1124=CIRCLE('',#1417,3.);
#1125=CIRCLE('',#1418,3.);
#1126=CIRCLE('',#1419,3.);
#1127=CIRCLE('',#1420,3.);
#1128=CIRCLE('',#1421,3.);
#1129=CIRCLE('',#1422,3.);
#1130=CIRCLE('',#1423,3.);
#1131=CIRCLE('',#1424,3.);
#1132=CIRCLE('',#1425,3.);
#1133=CIRCLE('',#1426,3.);
#1134=CIRCLE('',#1427,3.);
#1135=CIRCLE('',#1428,3.);
#1136=CIRCLE('',#1429,3.);
#1137=CIRCLE('',#1430,3.);
#1138=CIRCLE('',#1431,3.);
#1139=CIRCLE('',#1432,0.5);
#1140=CIRCLE('',#1433,0.5);
#1141=CIRCLE('',#1434,0.5);
#1142=CIRCLE('',#1435,0.5);
#1143=CIRCLE('',#1436,0.5);
#1144=CIRCLE('',#1437,0.5);
#1145=CIRCLE('',#1438,0.5);
#1146=CIRCLE('',#1439,0.5);
#1147=CIRCLE('',#1440,0.5);
#1148=CIRCLE('',#1441,0.5);
#1149=CIRCLE('',#1442,0.5);
#1150=CIRCLE('',#1443,0.5);
#1151=CIRCLE('',#1444,0.5);
#1152=CIRCLE('',#1445,0.5);
#1153=CIRCLE('',#1446,0.5);
#1154=CIRCLE('',#1447,0.5);
#1155=CIRCLE('',#1448,0.5);
#1156=CIRCLE('',#1449,0.5);
#1157=CIRCLE('',#1450,0.5);
#1158=CIRCLE('',#1451,0.5);
#1159=CIRCLE('',#1452,0.5);
#1160=CIRCLE('',#1453,0.5);
#1161=CIRCLE('',#1454,0.5);
#1162=CIRCLE('',#1455,0.5);
#1163=CIRCLE('',#1456,0.5);
#1164=CIRCLE('',#1457,0.5);
#1165=CIRCLE('',#1458,0.5);
#1166=CIRCLE('',#1459,0.5);
#1167=CIRCLE('',#1460,0.5);
#1168=CIRCLE('',#1461,0.5);
#1169=CIRCLE('',#1462,0.5);
#1170=CIRCLE('',#1463,0.5);
#1171=CIRCLE('',#1464,0.5);
#1172=CIRCLE('',#1465,0.5);
#1173=CIRCLE('',#1466,0.5);
#1174=CIRCLE('',#1467,0.5);
#1175=CIRCLE('',#1468,1.);
#1176=CIRCLE('',#1469,1.);
#1177=CIRCLE('',#1470,1.);
#1178=CIRCLE('',#1471,1.);
#1179=CIRCLE('',#1472,1.);
#1180=CIRCLE('',#1473,1.);
#1181=CIRCLE('',#1474,1.);
#1182=CIRCLE('',#1475,1.);
#1183=CIRCLE('',#1476,1.);
#1184=CIRCLE('',#1477,1.);
#1185=CIRCLE('',#1478,1.);
#1186=CIRCLE('',#1479,1.);
#1187=VERTEX_POINT('',#2089);
#1188=VERTEX_POINT('',#2090);
#1189=VERTEX_POINT('',#2091);
#1190=VERTEX_POINT('',#2092);
#1191=VERTEX_POINT('',#2093);
#1192=VERTEX_POINT('',#2094);
#1193=VERTEX_POINT('',#2095);
#1194=VERTEX_POINT('',#2096);
#1195=VERTEX_POINT('',#2097);
#1196=VERTEX_POINT('',#2098);
#1197=VERTEX_POINT('',#2099);
#1198=VERTEX_POINT('',#2100);
#1199=VERTEX_POINT('',#2101);
#1200=VERTEX_POINT('',#2102);
#1201=VERTEX_POINT('',#2103);
#1202=VERTEX_POINT('',#2104);
#1203=VERTEX_POINT('',#2105);
#1204=VERTEX_POINT('',#2106);
#1205=VERTEX_POINT('',#2107);
#1206=VERTEX_POINT('',#2108);
#1207=VERTEX_POINT('',#2109);
#1208=VERTEX_POINT('',#2110);
#1209=VERTEX_POINT('',#2111);
#1210=VERTEX_POINT('',#2112);
#1211=VERTEX_POINT('',#2113);
#1212=VERTEX_POINT('',#2114);
#1213=VERTEX_POINT('',#2115);
#1214=VERTEX_POINT('',#2116);
#1215=VERTEX_POINT('',#2117);
#1216=VERTEX_POINT('',#2118);
#1217=VERTEX_POINT('',#2119);
#1218=VERTEX_POINT('',#2120);
#1219=VERTEX_POINT('',#2121);
#1220=VERTEX_POINT('',#2122);
#1221=VERTEX_POINT('',#2123);
#1222=VERTEX_POINT('',#2124);
#1223=VERTEX_POINT('',#2125);
#1224=VERTEX_POINT('',#2126);
#1225=VERTEX_POINT('',#2127);
#1226=VERTEX_POINT('',#2128);
#1227=VERTEX_POINT('',#2129);
#1228=VERTEX_POINT('',#2130);
#1229=VERTEX_POINT('',#2131);
#1230=VERTEX_POINT('',#2132);
#1231=VERTEX_POINT('',#2133);
#1232=VERTEX_POINT('',#2134);
#1233=VERTEX_POINT('',#2135);
#1234=VERTEX_POINT('',#2136);
#1235=VERTEX_POINT('',#2137);
#1236=VERTEX_POINT('',#2138);
#1237=VERTEX_POINT('',#2139);
#1238=VERTEX_POINT('',#2140);
#1239=VERTEX_POINT('',#2141);
#1240=VERTEX_POINT('',#2142);
#1241=VERTEX_POINT('',#2143);
#1242=VERTEX_POINT('',#2144);
#1243=VERTEX_POINT('',#2145);
#1244=VERTEX_POINT('',#2146);
#1245=VERTEX_POINT('',#2147);
#1246=VERTEX_POINT('',#2148);
#1247=VERTEX_POINT('',#2149);
#1248=VERTEX_POINT('',#2150);
#1249=VERTEX_POINT('',#2151);
#1250=VERTEX_POINT('',#2152);
#1251=VERTEX_POINT('',#2153);
#1252=VERTEX_POINT('',#2154);
#1253=VERTEX_POINT('',#2155);
#1254=VERTEX_POINT('',#2156);
#1255=VERTEX_POINT('',#2157);
#1256=VERTEX_POINT('',#2158);
#1257=VERTEX_POINT('',#2159);
#1258=VERTEX_POINT('',#2160);
#1259=VERTEX_POINT('',#2161);
#1260=VERTEX_POINT('',#2162);
#1261=VERTEX_POINT('',#2163);
#1262=VERTEX_POINT('',#2164);
#1263=VERTEX_POINT('',#2165);
#1264=VERTEX_POINT('',#2166);
#1265=VERTEX_POINT('',#2167);
#1266=VERTEX_POINT('',#2168);
#1267=VERTEX_POINT('',#2169);
#1268=VERTEX_POINT('',#2170);
#1269=VERTEX_POINT('',#2171);
#1270=VERTEX_POINT('',#2172);
#1271=VERTEX_POINT('',#2173);
#1272=VERTEX_POINT('',#2174);
#1273=VERTEX_POINT('',#2175);
#1274=VERTEX_POINT('',#2176);
#1275=VERTEX_POINT('',#2177);
#1276=VERTEX_POINT('',#2178);
#1277=VERTEX_POINT('',#2179);
#1278=VERTEX_POINT('',#2180);
#1279=VERTEX_POINT('',#2181);
#1280=VERTEX_POINT('',#2182);
#1281=VERTEX_POINT('',#2183);
#1282=VERTEX_POINT('',#2184);
#1283=VERTEX_POINT('',#2185);
#1284=VERTEX_POINT('',#2186);
#1285=VERTEX_POINT('',#2187);
#1286=VERTEX_POINT('',#2188);
#1287=VERTEX_POINT('',#2189);
#1288=VERTEX_POINT('',#2190);
#1289=VERTEX_POINT('',#2191);
#1290=VERTEX_POINT('',#2192);
#1291=VERTEX_POINT('',#2193);
#1292=VERTEX_POINT('',#2194);
#1293=VERTEX_POINT('',#2195);
#1294=VERTEX_POINT('',#2196);
#1295=PRODUCT_CATEGORY_RELATIONSHIP('','',#1299,#1297);
#1296=PRODUCT_CATEGORY_RELATIONSHIP('','',#1300,#1298);
#1297=PRODUCT_RELATED_PRODUCT_CATEGORY('detail','',(#1312));
#1298=PRODUCT_RELATED_PRODUCT_CATEGORY('detail','',(#1313));
#1299=PRODUCT_CATEGORY('part','');
#1300=PRODUCT_CATEGORY('part','');
#1301=SHAPE_DEFINITION_REPRESENTATION(#1303,#1320);
#1302=SHAPE_DEFINITION_REPRESENTATION(#1304,#1321);
#1303=PRODUCT_DEFINITION_SHAPE('','Shape',#1306);
#1304=PRODUCT_DEFINITION_SHAPE('','Shape',#1307);
#1305=PRODUCT_DEFINITION_SHAPE('','',#12);
#1306=PRODUCT_DEFINITION('','',#1308,#1310);
#1307=PRODUCT_DEFINITION('','',#1309,#1311);
#1308=PRODUCT_DEFINITION_FORMATION('','',#1312);
#1309=PRODUCT_DEFINITION_FORMATION('','',#1313);
#1310=PRODUCT_DEFINITION_CONTEXT('part definition',#1318,'');
#1311=PRODUCT_DEFINITION_CONTEXT('part definition',#1319,'');
#1312=PRODUCT('shaft','shaft','not specified',(#1314));
#1313=PRODUCT('','','not specified',(#1315));
#1314=PRODUCT_CONTEXT('',#1318,'mechanical');
#1315=PRODUCT_CONTEXT('',#1319,'mechanical');
#1316=APPLICATION_PROTOCOL_DEFINITION('Draft International Standard',
'automotive_design',1997,#1318);
#1317=APPLICATION_PROTOCOL_DEFINITION('Draft International Standard',
'automotive_design',1997,#1319);
#1318=APPLICATION_CONTEXT('automotive design');
#1319=APPLICATION_CONTEXT('automotive design');
#1320=SHAPE_REPRESENTATION('shaft',(#1322,#1566),#2470);
#1321=SHAPE_REPRESENTATION('',(#1323),#2471);
#1322=AXIS2_PLACEMENT_3D('',#2087,#1567,#1568);
#1323=AXIS2_PLACEMENT_3D('',#2088,#1569,#1570);
#1324=AXIS2_PLACEMENT_3D('',#2197,#1571,#1572);
#1325=AXIS2_PLACEMENT_3D('',#2198,#1573,#1574);
#1326=AXIS2_PLACEMENT_3D('',#2199,#1575,#1576);
#1327=AXIS2_PLACEMENT_3D('',#2200,#1577,#1578);
#1328=AXIS2_PLACEMENT_3D('',#2201,#1579,#1580);
#1329=AXIS2_PLACEMENT_3D('',#2202,#1581,#1582);
#1330=AXIS2_PLACEMENT_3D('',#2203,#1583,#1584);
#1331=AXIS2_PLACEMENT_3D('',#2204,#1585,#1586);
#1332=AXIS2_PLACEMENT_3D('',#2205,#1587,#1588);
#1333=AXIS2_PLACEMENT_3D('',#2206,#1589,#1590);
#1334=AXIS2_PLACEMENT_3D('',#2207,#1591,#1592);
#1335=AXIS2_PLACEMENT_3D('',#2208,#1593,#1594);
#1336=AXIS2_PLACEMENT_3D('',#2209,#1595,#1596);
#1337=AXIS2_PLACEMENT_3D('',#2210,#1597,#1598);
#1338=AXIS2_PLACEMENT_3D('',#2211,#1599,#1600);
#1339=AXIS2_PLACEMENT_3D('',#2212,#1601,#1602);
#1340=AXIS2_PLACEMENT_3D('',#2213,#1603,#1604);
#1341=AXIS2_PLACEMENT_3D('',#2214,#1605,#1606);
#1342=AXIS2_PLACEMENT_3D('',#2215,#1607,#1608);
#1343=AXIS2_PLACEMENT_3D('',#2216,#1609,#1610);
#1344=AXIS2_PLACEMENT_3D('',#2217,#1611,#1612);
#1345=AXIS2_PLACEMENT_3D('',#2218,#1613,#1614);
#1346=AXIS2_PLACEMENT_3D('',#2219,#1615,#1616);
#1347=AXIS2_PLACEMENT_3D('',#2220,#1617,#1618);
#1348=AXIS2_PLACEMENT_3D('',#2221,#1619,#1620);
#1349=AXIS2_PLACEMENT_3D('',#2222,#1621,#1622);
#1350=AXIS2_PLACEMENT_3D('',#2223,#1623,#1624);
#1351=AXIS2_PLACEMENT_3D('',#2224,#1625,#1626);
#1352=AXIS2_PLACEMENT_3D('',#2225,#1627,#1628);
#1353=AXIS2_PLACEMENT_3D('',#2226,#1629,#1630);
#1354=AXIS2_PLACEMENT_3D('',#2227,#1631,#1632);
#1355=AXIS2_PLACEMENT_3D('',#2228,#1633,#1634);
#1356=AXIS2_PLACEMENT_3D('',#2229,#1635,#1636);
#1357=AXIS2_PLACEMENT_3D('',#2230,#1637,#1638);
#1358=AXIS2_PLACEMENT_3D('',#2231,#1639,#1640);
#1359=AXIS2_PLACEMENT_3D('',#2232,#1641,#1642);
#1360=AXIS2_PLACEMENT_3D('',#2233,#1643,#1644);
#1361=AXIS2_PLACEMENT_3D('',#2234,#1645,#1646);
#1362=AXIS2_PLACEMENT_3D('',#2235,#1647,#1648);
#1363=AXIS2_PLACEMENT_3D('',#2236,#1649,#1650);
#1364=AXIS2_PLACEMENT_3D('',#2237,#1651,#1652);
#1365=AXIS2_PLACEMENT_3D('',#2238,#1653,#1654);
#1366=AXIS2_PLACEMENT_3D('',#2239,#1655,#1656);
#1367=AXIS2_PLACEMENT_3D('',#2240,#1657,#1658);
#1368=AXIS2_PLACEMENT_3D('',#2241,#1659,#1660);
#1369=AXIS2_PLACEMENT_3D('',#2242,#1661,#1662);
#1370=AXIS2_PLACEMENT_3D('',#2243,#1663,#1664);
#1371=AXIS2_PLACEMENT_3D('',#2244,#1665,#1666);
#1372=AXIS2_PLACEMENT_3D('',#2245,#1667,#1668);
#1373=AXIS2_PLACEMENT_3D('',#2246,#1669,#1670);
#1374=AXIS2_PLACEMENT_3D('',#2247,#1671,#1672);
#1375=AXIS2_PLACEMENT_3D('',#2248,#1673,#1674);
#1376=AXIS2_PLACEMENT_3D('',#2249,#1675,#1676);
#1377=AXIS2_PLACEMENT_3D('',#2250,#1677,#1678);
#1378=AXIS2_PLACEMENT_3D('',#2251,#1679,#1680);
#1379=AXIS2_PLACEMENT_3D('',#2252,#1681,#1682);
#1380=AXIS2_PLACEMENT_3D('',#2253,#1683,#1684);
#1381=AXIS2_PLACEMENT_3D('',#2254,#1685,#1686);
#1382=AXIS2_PLACEMENT_3D('',#2255,#1687,#1688);
#1383=AXIS2_PLACEMENT_3D('',#2256,#1689,#1690);
#1384=AXIS2_PLACEMENT_3D('',#2257,#1691,#1692);
#1385=AXIS2_PLACEMENT_3D('',#2258,#1693,#1694);
#1386=AXIS2_PLACEMENT_3D('',#2259,#1695,#1696);
#1387=AXIS2_PLACEMENT_3D('',#2260,#1697,#1698);
#1388=AXIS2_PLACEMENT_3D('',#2261,#1699,#1700);
#1389=AXIS2_PLACEMENT_3D('',#2262,#1701,#1702);
#1390=AXIS2_PLACEMENT_3D('',#2275,#1715,#1716);
#1391=AXIS2_PLACEMENT_3D('',#2276,#1717,#1718);
#1392=AXIS2_PLACEMENT_3D('',#2277,#1719,#1720);
#1393=AXIS2_PLACEMENT_3D('',#2278,#1721,#1722);
#1394=AXIS2_PLACEMENT_3D('',#2279,#1723,#1724);
#1395=AXIS2_PLACEMENT_3D('',#2280,#1725,#1726);
#1396=AXIS2_PLACEMENT_3D('',#2281,#1727,#1728);
#1397=AXIS2_PLACEMENT_3D('',#2282,#1729,#1730);
#1398=AXIS2_PLACEMENT_3D('',#2283,#1731,#1732);
#1399=AXIS2_PLACEMENT_3D('',#2284,#1733,#1734);
#1400=AXIS2_PLACEMENT_3D('',#2287,#1737,#1738);
#1401=AXIS2_PLACEMENT_3D('',#2288,#1739,#1740);
#1402=AXIS2_PLACEMENT_3D('',#2289,#1741,#1742);
#1403=AXIS2_PLACEMENT_3D('',#2290,#1743,#1744);
#1404=AXIS2_PLACEMENT_3D('',#2293,#1747,#1748);
#1405=AXIS2_PLACEMENT_3D('',#2294,#1749,#1750);
#1406=AXIS2_PLACEMENT_3D('',#2295,#1751,#1752);
#1407=AXIS2_PLACEMENT_3D('',#2296,#1753,#1754);
#1408=AXIS2_PLACEMENT_3D('',#2299,#1757,#1758);
#1409=AXIS2_PLACEMENT_3D('',#2300,#1759,#1760);
#1410=AXIS2_PLACEMENT_3D('',#2301,#1761,#1762);
#1411=AXIS2_PLACEMENT_3D('',#2302,#1763,#1764);
#1412=AXIS2_PLACEMENT_3D('',#2305,#1767,#1768);
#1413=AXIS2_PLACEMENT_3D('',#2306,#1769,#1770);
#1414=AXIS2_PLACEMENT_3D('',#2307,#1771,#1772);
#1415=AXIS2_PLACEMENT_3D('',#2308,#1773,#1774);
#1416=AXIS2_PLACEMENT_3D('',#2311,#1777,#1778);
#1417=AXIS2_PLACEMENT_3D('',#2312,#1779,#1780);
#1418=AXIS2_PLACEMENT_3D('',#2313,#1781,#1782);
#1419=AXIS2_PLACEMENT_3D('',#2314,#1783,#1784);
#1420=AXIS2_PLACEMENT_3D('',#2317,#1787,#1788);
#1421=AXIS2_PLACEMENT_3D('',#2318,#1789,#1790);
#1422=AXIS2_PLACEMENT_3D('',#2319,#1791,#1792);
#1423=AXIS2_PLACEMENT_3D('',#2320,#1793,#1794);
#1424=AXIS2_PLACEMENT_3D('',#2323,#1797,#1798);
#1425=AXIS2_PLACEMENT_3D('',#2324,#1799,#1800);
#1426=AXIS2_PLACEMENT_3D('',#2325,#1801,#1802);
#1427=AXIS2_PLACEMENT_3D('',#2326,#1803,#1804);
#1428=AXIS2_PLACEMENT_3D('',#2329,#1807,#1808);
#1429=AXIS2_PLACEMENT_3D('',#2330,#1809,#1810);
#1430=AXIS2_PLACEMENT_3D('',#2331,#1811,#1812);
#1431=AXIS2_PLACEMENT_3D('',#2332,#1813,#1814);
#1432=AXIS2_PLACEMENT_3D('',#2335,#1817,#1818);
#1433=AXIS2_PLACEMENT_3D('',#2336,#1819,#1820);
#1434=AXIS2_PLACEMENT_3D('',#2337,#1821,#1822);
#1435=AXIS2_PLACEMENT_3D('',#2338,#1823,#1824);
#1436=AXIS2_PLACEMENT_3D('',#2339,#1825,#1826);
#1437=AXIS2_PLACEMENT_3D('',#2340,#1827,#1828);
#1438=AXIS2_PLACEMENT_3D('',#2341,#1829,#1830);
#1439=AXIS2_PLACEMENT_3D('',#2342,#1831,#1832);
#1440=AXIS2_PLACEMENT_3D('',#2343,#1833,#1834);
#1441=AXIS2_PLACEMENT_3D('',#2344,#1835,#1836);
#1442=AXIS2_PLACEMENT_3D('',#2345,#1837,#1838);
#1443=AXIS2_PLACEMENT_3D('',#2346,#1839,#1840);
#1444=AXIS2_PLACEMENT_3D('',#2347,#1841,#1842);
#1445=AXIS2_PLACEMENT_3D('',#2348,#1843,#1844);
#1446=AXIS2_PLACEMENT_3D('',#2349,#1845,#1846);
#1447=AXIS2_PLACEMENT_3D('',#2350,#1847,#1848);
#1448=AXIS2_PLACEMENT_3D('',#2351,#1849,#1850);
#1449=AXIS2_PLACEMENT_3D('',#2352,#1851,#1852);
#1450=AXIS2_PLACEMENT_3D('',#2353,#1853,#1854);
#1451=AXIS2_PLACEMENT_3D('',#2354,#1855,#1856);
#1452=AXIS2_PLACEMENT_3D('',#2355,#1857,#1858);
#1453=AXIS2_PLACEMENT_3D('',#2356,#1859,#1860);
#1454=AXIS2_PLACEMENT_3D('',#2357,#1861,#1862);
#1455=AXIS2_PLACEMENT_3D('',#2358,#1863,#1864);
#1456=AXIS2_PLACEMENT_3D('',#2359,#1865,#1866);
#1457=AXIS2_PLACEMENT_3D('',#2360,#1867,#1868);
#1458=AXIS2_PLACEMENT_3D('',#2361,#1869,#1870);
#1459=AXIS2_PLACEMENT_3D('',#2362,#1871,#1872);
#1460=AXIS2_PLACEMENT_3D('',#2363,#1873,#1874);
#1461=AXIS2_PLACEMENT_3D('',#2364,#1875,#1876);
#1462=AXIS2_PLACEMENT_3D('',#2365,#1877,#1878);
#1463=AXIS2_PLACEMENT_3D('',#2366,#1879,#1880);
#1464=AXIS2_PLACEMENT_3D('',#2367,#1881,#1882);
#1465=AXIS2_PLACEMENT_3D('',#2368,#1883,#1884);
#1466=AXIS2_PLACEMENT_3D('',#2369,#1885,#1886);
#1467=AXIS2_PLACEMENT_3D('',#2370,#1887,#1888);
#1468=AXIS2_PLACEMENT_3D('',#2371,#1889,#1890);
#1469=AXIS2_PLACEMENT_3D('',#2372,#1891,#1892);
#1470=AXIS2_PLACEMENT_3D('',#2373,#1893,#1894);
#1471=AXIS2_PLACEMENT_3D('',#2374,#1895,#1896);
#1472=AXIS2_PLACEMENT_3D('',#2375,#1897,#1898);
#1473=AXIS2_PLACEMENT_3D('',#2376,#1899,#1900);
#1474=AXIS2_PLACEMENT_3D('',#2377,#1901,#1902);
#1475=AXIS2_PLACEMENT_3D('',#2378,#1903,#1904);
#1476=AXIS2_PLACEMENT_3D('',#2379,#1905,#1906);
#1477=AXIS2_PLACEMENT_3D('',#2380,#1907,#1908);
#1478=AXIS2_PLACEMENT_3D('',#2381,#1909,#1910);
#1479=AXIS2_PLACEMENT_3D('',#2382,#1911,#1912);
#1480=AXIS2_PLACEMENT_3D('',#2383,#1913,#1914);
#1481=AXIS2_PLACEMENT_3D('',#2384,#1915,#1916);
#1482=AXIS2_PLACEMENT_3D('',#2385,#1917,#1918);
#1483=AXIS2_PLACEMENT_3D('',#2386,#1919,#1920);
#1484=AXIS2_PLACEMENT_3D('',#2387,#1921,#1922);
#1485=AXIS2_PLACEMENT_3D('',#2388,#1923,#1924);
#1486=AXIS2_PLACEMENT_3D('',#2389,#1925,#1926);
#1487=AXIS2_PLACEMENT_3D('',#2390,#1927,#1928);
#1488=AXIS2_PLACEMENT_3D('',#2391,#1929,#1930);
#1489=AXIS2_PLACEMENT_3D('',#2392,#1931,#1932);
#1490=AXIS2_PLACEMENT_3D('',#2393,#1933,#1934);
#1491=AXIS2_PLACEMENT_3D('',#2394,#1935,#1936);
#1492=AXIS2_PLACEMENT_3D('',#2395,#1937,#1938);
#1493=AXIS2_PLACEMENT_3D('',#2396,#1939,#1940);
#1494=AXIS2_PLACEMENT_3D('',#2397,#1941,#1942);
#1495=AXIS2_PLACEMENT_3D('',#2398,#1943,#1944);
#1496=AXIS2_PLACEMENT_3D('',#2399,#1945,#1946);
#1497=AXIS2_PLACEMENT_3D('',#2400,#1947,#1948);
#1498=AXIS2_PLACEMENT_3D('',#2401,#1949,#1950);
#1499=AXIS2_PLACEMENT_3D('',#2402,#1951,#1952);
#1500=AXIS2_PLACEMENT_3D('',#2403,#1953,#1954);
#1501=AXIS2_PLACEMENT_3D('',#2404,#1955,#1956);
#1502=AXIS2_PLACEMENT_3D('',#2405,#1957,#1958);
#1503=AXIS2_PLACEMENT_3D('',#2406,#1959,#1960);
#1504=AXIS2_PLACEMENT_3D('',#2407,#1961,#1962);
#1505=AXIS2_PLACEMENT_3D('',#2408,#1963,#1964);
#1506=AXIS2_PLACEMENT_3D('',#2409,#1965,#1966);
#1507=AXIS2_PLACEMENT_3D('',#2410,#1967,#1968);
#1508=AXIS2_PLACEMENT_3D('',#2411,#1969,#1970);
#1509=AXIS2_PLACEMENT_3D('',#2412,#1971,#1972);
#1510=AXIS2_PLACEMENT_3D('',#2413,#1973,#1974);
#1511=AXIS2_PLACEMENT_3D('',#2414,#1975,#1976);
#1512=AXIS2_PLACEMENT_3D('',#2415,#1977,#1978);
#1513=AXIS2_PLACEMENT_3D('',#2416,#1979,#1980);
#1514=AXIS2_PLACEMENT_3D('',#2417,#1981,#1982);
#1515=AXIS2_PLACEMENT_3D('',#2418,#1983,#1984);
#1516=AXIS2_PLACEMENT_3D('',#2419,#1985,#1986);
#1517=AXIS2_PLACEMENT_3D('',#2420,#1987,#1988);
#1518=AXIS2_PLACEMENT_3D('',#2421,#1989,#1990);
#1519=AXIS2_PLACEMENT_3D('',#2422,#1991,#1992);
#1520=AXIS2_PLACEMENT_3D('',#2423,#1993,#1994);
#1521=AXIS2_PLACEMENT_3D('',#2424,#1995,#1996);
#1522=AXIS2_PLACEMENT_3D('',#2425,#1997,#1998);
#1523=AXIS2_PLACEMENT_3D('',#2426,#1999,#2000);
#1524=AXIS2_PLACEMENT_3D('',#2427,#2001,#2002);
#1525=AXIS2_PLACEMENT_3D('',#2428,#2003,#2004);
#1526=AXIS2_PLACEMENT_3D('',#2429,#2005,#2006);
#1527=AXIS2_PLACEMENT_3D('',#2430,#2007,#2008);
#1528=AXIS2_PLACEMENT_3D('',#2431,#2009,#2010);
#1529=AXIS2_PLACEMENT_3D('',#2432,#2011,#2012);
#1530=AXIS2_PLACEMENT_3D('',#2433,#2013,#2014);
#1531=AXIS2_PLACEMENT_3D('',#2434,#2015,#2016);
#1532=AXIS2_PLACEMENT_3D('',#2435,#2017,#2018);
#1533=AXIS2_PLACEMENT_3D('',#2436,#2019,#2020);
#1534=AXIS2_PLACEMENT_3D('',#2437,#2021,#2022);
#1535=AXIS2_PLACEMENT_3D('',#2438,#2023,#2024);
#1536=AXIS2_PLACEMENT_3D('',#2439,#2025,#2026);
#1537=AXIS2_PLACEMENT_3D('',#2440,#2027,#2028);
#1538=AXIS2_PLACEMENT_3D('',#2441,#2029,#2030);
#1539=AXIS2_PLACEMENT_3D('',#2442,#2031,#2032);
#1540=AXIS2_PLACEMENT_3D('',#2443,#2033,#2034);
#1541=AXIS2_PLACEMENT_3D('',#2444,#2035,#2036);
#1542=AXIS2_PLACEMENT_3D('',#2445,#2037,#2038);
#1543=AXIS2_PLACEMENT_3D('',#2446,#2039,#2040);
#1544=AXIS2_PLACEMENT_3D('',#2447,#2041,#2042);
#1545=AXIS2_PLACEMENT_3D('',#2448,#2043,#2044);
#1546=AXIS2_PLACEMENT_3D('',#2449,#2045,#2046);
#1547=AXIS2_PLACEMENT_3D('',#2450,#2047,#2048);
#1548=AXIS2_PLACEMENT_3D('',#2451,#2049,#2050);
#1549=AXIS2_PLACEMENT_3D('',#2452,#2051,#2052);
#1550=AXIS2_PLACEMENT_3D('',#2453,#2053,#2054);
#1551=AXIS2_PLACEMENT_3D('',#2454,#2055,#2056);
#1552=AXIS2_PLACEMENT_3D('',#2455,#2057,#2058);
#1553=AXIS2_PLACEMENT_3D('',#2456,#2059,#2060);
#1554=AXIS2_PLACEMENT_3D('',#2457,#2061,#2062);
#1555=AXIS2_PLACEMENT_3D('',#2458,#2063,#2064);
#1556=AXIS2_PLACEMENT_3D('',#2459,#2065,#2066);
#1557=AXIS2_PLACEMENT_3D('',#2460,#2067,#2068);
#1558=AXIS2_PLACEMENT_3D('',#2461,#2069,#2070);
#1559=AXIS2_PLACEMENT_3D('',#2462,#2071,#2072);
#1560=AXIS2_PLACEMENT_3D('',#2463,#2073,#2074);
#1561=AXIS2_PLACEMENT_3D('',#2464,#2075,#2076);
#1562=AXIS2_PLACEMENT_3D('',#2465,#2077,#2078);
#1563=AXIS2_PLACEMENT_3D('',#2466,#2079,#2080);
#1564=AXIS2_PLACEMENT_3D('',#2467,#2081,#2082);
#1565=AXIS2_PLACEMENT_3D('',#2468,#2083,#2084);
#1566=AXIS2_PLACEMENT_3D('',#2469,#2085,#2086);
#1567=DIRECTION('',(0.,0.,1.));
#1568=DIRECTION('',(1.,0.,0.));
#1569=DIRECTION('',(0.,0.,1.));
#1570=DIRECTION('',(1.,0.,0.));
#1571=DIRECTION('',(1.,0.,0.));
#1572=DIRECTION('',(0.,1.,0.));
#1573=DIRECTION('',(1.,0.,0.));
#1574=DIRECTION('',(0.,1.,0.));
#1575=DIRECTION('',(1.,0.,0.));
#1576=DIRECTION('',(0.,-1.,0.));
#1577=DIRECTION('',(1.,0.,0.));
#1578=DIRECTION('',(0.,-1.,0.));
#1579=DIRECTION('',(1.,0.,0.));
#1580=DIRECTION('',(0.,1.,0.));
#1581=DIRECTION('',(1.,0.,0.));
#1582=DIRECTION('',(0.,1.,0.));
#1583=DIRECTION('',(1.,0.,0.));
#1584=DIRECTION('',(0.,-1.,0.));
#1585=DIRECTION('',(1.,0.,0.));
#1586=DIRECTION('',(0.,-1.,0.));
#1587=DIRECTION('',(-1.,0.,0.));
#1588=DIRECTION('',(0.,-1.,0.));
#1589=DIRECTION('',(-1.,0.,0.));
#1590=DIRECTION('',(0.,-1.,0.));
#1591=DIRECTION('',(-1.,0.,0.));
#1592=DIRECTION('',(0.,1.,0.));
#1593=DIRECTION('',(-1.,0.,0.));
#1594=DIRECTION('',(0.,1.,0.));
#1595=DIRECTION('',(-1.,0.,0.));
#1596=DIRECTION('',(0.,-1.,0.));
#1597=DIRECTION('',(-1.,0.,0.));
#1598=DIRECTION('',(0.,-1.,0.));
#1599=DIRECTION('',(-1.,0.,0.));
#1600=DIRECTION('',(0.,1.,0.));
#1601=DIRECTION('',(-1.,0.,0.));
#1602=DIRECTION('',(0.,1.,0.));
#1603=DIRECTION('',(-1.,0.,0.));
#1604=DIRECTION('',(0.,-1.,0.));
#1605=DIRECTION('',(-1.,0.,0.));
#1606=DIRECTION('',(0.,-1.,0.));
#1607=DIRECTION('',(-1.,0.,0.));
#1608=DIRECTION('',(0.,1.,0.));
#1609=DIRECTION('',(-1.,0.,0.));
#1610=DIRECTION('',(0.,1.,0.));
#1611=DIRECTION('',(1.,0.,0.));
#1612=DIRECTION('',(0.,1.,0.));
#1613=DIRECTION('',(1.,0.,0.));
#1614=DIRECTION('',(0.,1.,0.));
#1615=DIRECTION('',(1.,0.,0.));
#1616=DIRECTION('',(0.,-1.,0.));
#1617=DIRECTION('',(1.,0.,0.));
#1618=DIRECTION('',(0.,-1.,0.));
#1619=DIRECTION('',(-1.,0.,0.));
#1620=DIRECTION('',(0.,0.939692620785908,-0.342020143325669));
#1621=DIRECTION('',(-1.,0.,0.));
#1622=DIRECTION('',(0.,-0.939692620785908,0.34202014332567));
#1623=DIRECTION('',(-1.,0.,0.));
#1624=DIRECTION('',(0.,-0.939692620785908,-0.342020143325669));
#1625=DIRECTION('',(-1.,0.,0.));
#1626=DIRECTION('',(0.,0.939692620785908,0.342020143325669));
#1627=DIRECTION('',(-1.,0.,0.));
#1628=DIRECTION('',(0.,-0.5,-0.866025403784439));
#1629=DIRECTION('',(-1.,0.,0.));
#1630=DIRECTION('',(0.,0.5,0.866025403784439));
#1631=DIRECTION('',(-1.,0.,0.));
#1632=DIRECTION('',(0.,0.17364817766693,-0.984807753012208));
#1633=DIRECTION('',(-1.,0.,0.));
#1634=DIRECTION('',(0.,-0.17364817766693,0.984807753012208));
#1635=DIRECTION('',(-1.,0.,0.));
#1636=DIRECTION('',(0.,0.5,-0.866025403784439));
#1637=DIRECTION('',(-1.,0.,0.));
#1638=DIRECTION('',(0.,-0.500000000000001,0.866025403784438));
#1639=DIRECTION('',(-1.,0.,0.));
#1640=DIRECTION('',(0.,-0.173648177666932,-0.984807753012208));
#1641=DIRECTION('',(-1.,0.,0.));
#1642=DIRECTION('',(0.,0.173648177666932,0.984807753012208));
#1643=DIRECTION('',(-1.,0.,0.));
#1644=DIRECTION('',(0.,-0.766044443118978,-0.642787609686539));
#1645=DIRECTION('',(-1.,0.,0.));
#1646=DIRECTION('',(0.,0.766044443118977,0.64278760968654));
#1647=DIRECTION('',(-1.,0.,0.));
#1648=DIRECTION('',(0.,-1.,0.));
#1649=DIRECTION('',(-1.,0.,0.));
#1650=DIRECTION('',(0.,1.,0.));
#1651=DIRECTION('',(-1.,0.,0.));
#1652=DIRECTION('',(0.,0.766044443118977,-0.642787609686541));
#1653=DIRECTION('',(-1.,0.,0.));
#1654=DIRECTION('',(0.,-0.766044443118978,0.642787609686539));
#1655=DIRECTION('',(1.,0.,0.));
#1656=DIRECTION('',(0.,-0.939692620785908,0.34202014332567));
#1657=DIRECTION('',(1.,0.,0.));
#1658=DIRECTION('',(0.,0.939692620785908,-0.34202014332567));
#1659=DIRECTION('',(1.,0.,0.));
#1660=DIRECTION('',(0.,-0.499999999999999,0.866025403784439));
#1661=DIRECTION('',(1.,0.,0.));
#1662=DIRECTION('',(0.,0.499999999999999,-0.866025403784439));
#1663=DIRECTION('',(1.,0.,0.));
#1664=DIRECTION('',(0.,-0.173648177666932,-0.984807753012208));
#1665=DIRECTION('',(1.,0.,0.));
#1666=DIRECTION('',(0.,0.173648177666932,0.984807753012208));
#1667=DIRECTION('',(1.,0.,0.));
#1668=DIRECTION('',(0.,-0.766044443118978,-0.642787609686539));
#1669=DIRECTION('',(1.,0.,0.));
#1670=DIRECTION('',(0.,0.766044443118978,0.642787609686539));
#1671=DIRECTION('',(1.,0.,0.));
#1672=DIRECTION('',(0.,-1.,0.));
#1673=DIRECTION('',(1.,0.,0.));
#1674=DIRECTION('',(0.,1.,0.));
#1675=DIRECTION('',(1.,0.,0.));
#1676=DIRECTION('',(0.,-0.766044443118978,0.64278760968654));
#1677=DIRECTION('',(1.,0.,0.));
#1678=DIRECTION('',(0.,0.766044443118979,-0.642787609686538));
#1679=DIRECTION('',(1.,0.,0.));
#1680=DIRECTION('',(0.,-0.939692620785908,-0.342020143325669));
#1681=DIRECTION('',(1.,0.,0.));
#1682=DIRECTION('',(0.,0.939692620785908,0.342020143325669));
#1683=DIRECTION('',(1.,0.,0.));
#1684=DIRECTION('',(0.,0.499999999999999,0.866025403784439));
#1685=DIRECTION('',(1.,0.,0.));
#1686=DIRECTION('',(0.,-0.499999999999999,-0.866025403784439));
#1687=DIRECTION('',(1.,0.,0.));
#1688=DIRECTION('',(0.,-0.173648177666929,0.984807753012208));
#1689=DIRECTION('',(1.,0.,0.));
#1690=DIRECTION('',(0.,0.17364817766693,-0.984807753012208));
#1691=DIRECTION('',(1.,0.,0.));
#1692=DIRECTION('',(0.,-1.,0.));
#1693=DIRECTION('',(1.,0.,0.));
#1694=DIRECTION('',(0.,-1.,0.));
#1695=DIRECTION('',(-1.,0.,0.));
#1696=DIRECTION('',(0.,1.,0.));
#1697=DIRECTION('',(-1.,0.,0.));
#1698=DIRECTION('',(0.,1.,0.));
#1699=DIRECTION('',(-1.,0.,0.));
#1700=DIRECTION('',(0.,1.,0.));
#1701=DIRECTION('',(-1.,0.,0.));
#1702=DIRECTION('',(0.,1.,0.));
#1703=DIRECTION('',(1.,0.,0.));
#1704=DIRECTION('',(1.,0.,0.));
#1705=DIRECTION('',(1.,0.,0.));
#1706=DIRECTION('',(1.,0.,0.));
#1707=DIRECTION('',(1.,0.,0.));
#1708=DIRECTION('',(1.,0.,0.));
#1709=DIRECTION('',(1.,0.,0.));
#1710=DIRECTION('',(1.,0.,0.));
#1711=DIRECTION('',(1.,0.,0.));
#1712=DIRECTION('',(1.,0.,0.));
#1713=DIRECTION('',(1.,0.,0.));
#1714=DIRECTION('',(1.,0.,0.));
#1715=DIRECTION('',(1.,0.,0.));
#1716=DIRECTION('',(0.,1.,0.));
#1717=DIRECTION('',(1.,0.,0.));
#1718=DIRECTION('',(0.,1.,0.));
#1719=DIRECTION('',(-1.,0.,0.));
#1720=DIRECTION('',(0.,-1.,0.));
#1721=DIRECTION('',(-1.,0.,0.));
#1722=DIRECTION('',(0.,-1.,0.));
#1723=DIRECTION('',(-1.,0.,0.));
#1724=DIRECTION('',(0.,-1.,0.));
#1725=DIRECTION('',(-1.,0.,0.));
#1726=DIRECTION('',(0.,-1.,0.));
#1727=DIRECTION('',(-1.,0.,0.));
#1728=DIRECTION('',(0.,0.766044443118978,-0.642787609686539));
#1729=DIRECTION('',(-1.,0.,0.));
#1730=DIRECTION('',(0.,-0.766044443118977,0.64278760968654));
#1731=DIRECTION('',(1.,0.,0.));
#1732=DIRECTION('',(0.,-0.766044443118978,0.642787609686539));
#1733=DIRECTION('',(1.,0.,0.));
#1734=DIRECTION('',(0.,0.766044443118978,-0.64278760968654));
#1735=DIRECTION('',(1.,0.,0.));
#1736=DIRECTION('',(1.,0.,0.));
#1737=DIRECTION('',(-1.,0.,0.));
#1738=DIRECTION('',(0.,0.173648177666929,-0.984807753012208));
#1739=DIRECTION('',(-1.,0.,0.));
#1740=DIRECTION('',(0.,-0.173648177666929,0.984807753012208));
#1741=DIRECTION('',(1.,0.,0.));
#1742=DIRECTION('',(0.,-0.173648177666929,0.984807753012208));
#1743=DIRECTION('',(1.,0.,0.));
#1744=DIRECTION('',(0.,0.173648177666929,-0.984807753012208));
#1745=DIRECTION('',(1.,0.,0.));
#1746=DIRECTION('',(1.,0.,0.));
#1747=DIRECTION('',(-1.,0.,0.));
#1748=DIRECTION('',(0.,-0.5,-0.866025403784439));
#1749=DIRECTION('',(-1.,0.,0.));
#1750=DIRECTION('',(0.,0.5,0.866025403784439));
#1751=DIRECTION('',(1.,0.,0.));
#1752=DIRECTION('',(0.,0.5,0.866025403784439));
#1753=DIRECTION('',(1.,0.,0.));
#1754=DIRECTION('',(0.,-0.5,-0.866025403784439));
#1755=DIRECTION('',(1.,0.,0.));
#1756=DIRECTION('',(1.,0.,0.));
#1757=DIRECTION('',(-1.,0.,0.));
#1758=DIRECTION('',(0.,-0.939692620785908,-0.342020143325669));
#1759=DIRECTION('',(-1.,0.,0.));
#1760=DIRECTION('',(0.,0.939692620785908,0.342020143325669));
#1761=DIRECTION('',(1.,0.,0.));
#1762=DIRECTION('',(0.,-0.939692620785908,-0.342020143325669));
#1763=DIRECTION('',(1.,0.,0.));
#1764=DIRECTION('',(0.,0.939692620785908,0.342020143325669));
#1765=DIRECTION('',(1.,0.,0.));
#1766=DIRECTION('',(1.,0.,0.));
#1767=DIRECTION('',(-1.,0.,0.));
#1768=DIRECTION('',(0.,-1.,0.));
#1769=DIRECTION('',(-1.,0.,0.));
#1770=DIRECTION('',(0.,1.,0.));
#1771=DIRECTION('',(1.,0.,0.));
#1772=DIRECTION('',(0.,-1.,0.));
#1773=DIRECTION('',(1.,0.,0.));
#1774=DIRECTION('',(0.,1.,0.));
#1775=DIRECTION('',(1.,0.,0.));
#1776=DIRECTION('',(1.,0.,0.));
#1777=DIRECTION('',(-1.,0.,0.));
#1778=DIRECTION('',(0.,-0.766044443118978,-0.642787609686539));
#1779=DIRECTION('',(-1.,0.,0.));
#1780=DIRECTION('',(0.,0.766044443118978,0.642787609686539));
#1781=DIRECTION('',(1.,0.,0.));
#1782=DIRECTION('',(0.,-0.766044443118978,-0.642787609686539));
#1783=DIRECTION('',(1.,0.,0.));
#1784=DIRECTION('',(0.,0.766044443118978,0.642787609686539));
#1785=DIRECTION('',(1.,0.,0.));
#1786=DIRECTION('',(1.,0.,0.));
#1787=DIRECTION('',(-1.,0.,0.));
#1788=DIRECTION('',(0.,-0.173648177666931,-0.984807753012208));
#1789=DIRECTION('',(-1.,0.,0.));
#1790=DIRECTION('',(0.,0.173648177666931,0.984807753012208));
#1791=DIRECTION('',(1.,0.,0.));
#1792=DIRECTION('',(0.,-0.173648177666931,-0.984807753012208));
#1793=DIRECTION('',(1.,0.,0.));
#1794=DIRECTION('',(0.,0.173648177666931,0.984807753012208));
#1795=DIRECTION('',(1.,0.,0.));
#1796=DIRECTION('',(1.,0.,0.));
#1797=DIRECTION('',(-1.,0.,0.));
#1798=DIRECTION('',(0.,0.5,-0.866025403784439));
#1799=DIRECTION('',(-1.,0.,0.));
#1800=DIRECTION('',(0.,-0.5,0.866025403784439));
#1801=DIRECTION('',(1.,0.,0.));
#1802=DIRECTION('',(0.,-0.5,0.866025403784439));
#1803=DIRECTION('',(1.,0.,0.));
#1804=DIRECTION('',(0.,0.5,-0.866025403784439));
#1805=DIRECTION('',(1.,0.,0.));
#1806=DIRECTION('',(1.,0.,0.));
#1807=DIRECTION('',(-1.,0.,0.));
#1808=DIRECTION('',(0.,0.939692620785908,-0.342020143325669));
#1809=DIRECTION('',(-1.,0.,0.));
#1810=DIRECTION('',(0.,-0.939692620785908,0.342020143325669));
#1811=DIRECTION('',(1.,0.,0.));
#1812=DIRECTION('',(0.,-0.939692620785908,0.342020143325669));
#1813=DIRECTION('',(1.,0.,0.));
#1814=DIRECTION('',(0.,0.939692620785908,-0.342020143325669));
#1815=DIRECTION('',(1.,0.,0.));
#1816=DIRECTION('',(1.,0.,0.));
#1817=DIRECTION('',(0.,-0.984807753012208,-0.17364817766693));
#1818=DIRECTION('',(1.,0.,0.));
#1819=DIRECTION('',(0.,0.984807753012208,0.173648177666929));
#1820=DIRECTION('',(1.,0.,0.));
#1821=DIRECTION('',(0.,-0.866025403784439,0.5));
#1822=DIRECTION('',(1.,0.,0.));
#1823=DIRECTION('',(0.,0.866025403784439,-0.5));
#1824=DIRECTION('',(1.,0.,0.));
#1825=DIRECTION('',(0.,0.342020143325669,-0.939692620785908));
#1826=DIRECTION('',(1.,0.,0.));
#1827=DIRECTION('',(0.,-0.342020143325669,0.939692620785908));
#1828=DIRECTION('',(1.,0.,0.));
#1829=DIRECTION('',(0.,-0.642787609686539,-0.766044443118978));
#1830=DIRECTION('',(1.,0.,0.));
#1831=DIRECTION('',(0.,0.642787609686539,0.766044443118978));
#1832=DIRECTION('',(1.,0.,0.));
#1833=DIRECTION('',(0.,0.,-1.));
#1834=DIRECTION('',(1.,0.,0.));
#1835=DIRECTION('',(0.,0.,1.));
#1836=DIRECTION('',(1.,0.,0.));
#1837=DIRECTION('',(0.,0.642787609686539,-0.766044443118978));
#1838=DIRECTION('',(1.,0.,0.));
#1839=DIRECTION('',(0.,-0.642787609686539,0.766044443118979));
#1840=DIRECTION('',(1.,0.,0.));
#1841=DIRECTION('',(0.,0.984807753012208,-0.173648177666932));
#1842=DIRECTION('',(1.,0.,0.));
#1843=DIRECTION('',(0.,-0.984807753012208,0.173648177666932));
#1844=DIRECTION('',(1.,0.,0.));
#1845=DIRECTION('',(0.,-0.866025403784439,-0.5));
#1846=DIRECTION('',(1.,0.,0.));
#1847=DIRECTION('',(0.,0.866025403784439,0.5));
#1848=DIRECTION('',(1.,0.,0.));
#1849=DIRECTION('',(0.,-0.342020143325669,-0.939692620785908));
#1850=DIRECTION('',(1.,0.,0.));
#1851=DIRECTION('',(0.,0.342020143325669,0.939692620785908));
#1852=DIRECTION('',(1.,0.,0.));
#1853=DIRECTION('',(0.,-0.64278760968654,-0.766044443118977));
#1854=DIRECTION('',(-1.,0.,0.));
#1855=DIRECTION('',(0.,0.64278760968654,0.766044443118978));
#1856=DIRECTION('',(-1.,0.,0.));
#1857=DIRECTION('',(0.,0.,1.));
#1858=DIRECTION('',(-1.,0.,0.));
#1859=DIRECTION('',(0.,0.,-1.));
#1860=DIRECTION('',(-1.,0.,0.));
#1861=DIRECTION('',(0.,-0.642787609686539,0.766044443118978));
#1862=DIRECTION('',(-1.,0.,0.));
#1863=DIRECTION('',(0.,0.642787609686539,-0.766044443118978));
#1864=DIRECTION('',(-1.,0.,0.));
#1865=DIRECTION('',(0.,-0.984807753012208,0.173648177666932));
#1866=DIRECTION('',(-1.,0.,0.));
#1867=DIRECTION('',(0.,0.984807753012208,-0.173648177666931));
#1868=DIRECTION('',(-1.,0.,0.));
#1869=DIRECTION('',(0.,-0.866025403784439,-0.5));
#1870=DIRECTION('',(-1.,0.,0.));
#1871=DIRECTION('',(0.,0.866025403784439,0.5));
#1872=DIRECTION('',(-1.,0.,0.));
#1873=DIRECTION('',(0.,-0.984807753012208,-0.17364817766693));
#1874=DIRECTION('',(-1.,0.,0.));
#1875=DIRECTION('',(0.,0.984807753012208,0.17364817766693));
#1876=DIRECTION('',(-1.,0.,0.));
#1877=DIRECTION('',(0.,-0.866025403784439,0.5));
#1878=DIRECTION('',(-1.,0.,0.));
#1879=DIRECTION('',(0.,0.866025403784439,-0.5));
#1880=DIRECTION('',(-1.,0.,0.));
#1881=DIRECTION('',(0.,-0.342020143325669,0.939692620785908));
#1882=DIRECTION('',(-1.,0.,0.));
#1883=DIRECTION('',(0.,0.34202014332567,-0.939692620785908));
#1884=DIRECTION('',(-1.,0.,0.));
#1885=DIRECTION('',(0.,-0.342020143325669,-0.939692620785908));
#1886=DIRECTION('',(-1.,0.,0.));
#1887=DIRECTION('',(0.,0.342020143325669,0.939692620785908));
#1888=DIRECTION('',(-1.,0.,0.));
#1889=DIRECTION('',(0.,0.,1.));
#1890=DIRECTION('',(0.,1.,0.));
#1891=DIRECTION('',(0.,0.,-1.));
#1892=DIRECTION('',(0.,-1.,0.));
#1893=DIRECTION('',(0.,0.,1.));
#1894=DIRECTION('',(0.,-1.,0.));
#1895=DIRECTION('',(0.,0.,-1.));
#1896=DIRECTION('',(0.,1.,0.));
#1897=DIRECTION('',(0.,0.,1.));
#1898=DIRECTION('',(0.,1.,0.));
#1899=DIRECTION('',(0.,0.,-1.));
#1900=DIRECTION('',(0.,-1.,0.));
#1901=DIRECTION('',(0.,0.,1.));
#1902=DIRECTION('',(0.,1.,0.));
#1903=DIRECTION('',(0.,0.,-1.));
#1904=DIRECTION('',(0.,-1.,0.));
#1905=DIRECTION('',(0.,0.,1.));
#1906=DIRECTION('',(0.,-1.,0.));
#1907=DIRECTION('',(0.,0.,-1.));
#1908=DIRECTION('',(0.,1.,0.));
#1909=DIRECTION('',(0.,0.,1.));
#1910=DIRECTION('',(0.,-1.,0.));
#1911=DIRECTION('',(0.,0.,-1.));
#1912=DIRECTION('',(0.,1.,0.));
#1913=DIRECTION('',(1.,0.,0.));
#1914=DIRECTION('',(0.,-1.,0.));
#1915=DIRECTION('',(1.,0.,0.));
#1916=DIRECTION('',(0.,-1.,0.));
#1917=DIRECTION('',(1.,0.,0.));
#1918=DIRECTION('',(0.,-1.,0.));
#1919=DIRECTION('',(1.,0.,0.));
#1920=DIRECTION('',(0.,-1.,0.));
#1921=DIRECTION('',(1.,0.,0.));
#1922=DIRECTION('',(0.,-1.,0.));
#1923=DIRECTION('',(1.,0.,0.));
#1924=DIRECTION('',(0.,-1.,0.));
#1925=DIRECTION('',(1.,0.,0.));
#1926=DIRECTION('',(0.,0.,-1.));
#1927=DIRECTION('',(1.,0.,0.));
#1928=DIRECTION('',(0.,1.,0.));
#1929=DIRECTION('',(1.,0.,0.));
#1930=DIRECTION('',(0.,0.,-1.));
#1931=DIRECTION('',(1.,0.,0.));
#1932=DIRECTION('',(0.,1.,0.));
#1933=DIRECTION('',(1.,0.,0.));
#1934=DIRECTION('',(0.,0.,-1.));
#1935=DIRECTION('',(1.,0.,0.));
#1936=DIRECTION('',(0.,1.,0.));
#1937=DIRECTION('',(-1.,0.,0.));
#1938=DIRECTION('',(0.,0.,1.));
#1939=DIRECTION('',(1.,0.,0.));
#1940=DIRECTION('',(0.,1.,0.));
#1941=DIRECTION('',(-1.,0.,0.));
#1942=DIRECTION('',(0.,0.,1.));
#1943=DIRECTION('',(1.,0.,0.));
#1944=DIRECTION('',(0.,1.,0.));
#1945=DIRECTION('',(-1.,0.,0.));
#1946=DIRECTION('',(0.,0.,1.));
#1947=DIRECTION('',(1.,0.,0.));
#1948=DIRECTION('',(0.,1.,0.));
#1949=DIRECTION('',(-1.,0.,0.));
#1950=DIRECTION('',(0.,0.,1.));
#1951=DIRECTION('',(1.,0.,0.));
#1952=DIRECTION('',(0.,-0.766044443118978,0.642787609686539));
#1953=DIRECTION('',(1.,0.,0.));
#1954=DIRECTION('',(0.,0.766044443118978,-0.64278760968654));
#1955=DIRECTION('',(1.,0.,0.));
#1956=DIRECTION('',(0.,-0.173648177666929,0.984807753012208));
#1957=DIRECTION('',(1.,0.,0.));
#1958=DIRECTION('',(0.,0.173648177666929,-0.984807753012208));
#1959=DIRECTION('',(1.,0.,0.));
#1960=DIRECTION('',(0.,0.5,0.866025403784439));
#1961=DIRECTION('',(1.,0.,0.));
#1962=DIRECTION('',(0.,-0.5,-0.866025403784439));
#1963=DIRECTION('',(1.,0.,0.));
#1964=DIRECTION('',(0.,0.939692620785908,0.342020143325669));
#1965=DIRECTION('',(1.,0.,0.));
#1966=DIRECTION('',(0.,-0.939692620785908,-0.342020143325669));
#1967=DIRECTION('',(1.,0.,0.));
#1968=DIRECTION('',(0.,-1.,0.));
#1969=DIRECTION('',(1.,0.,0.));
#1970=DIRECTION('',(0.,1.,0.));
#1971=DIRECTION('',(1.,0.,0.));
#1972=DIRECTION('',(0.,-0.766044443118978,-0.642787609686539));
#1973=DIRECTION('',(1.,0.,0.));
#1974=DIRECTION('',(0.,0.766044443118978,0.642787609686539));
#1975=DIRECTION('',(1.,0.,0.));
#1976=DIRECTION('',(0.,-0.173648177666931,-0.984807753012208));
#1977=DIRECTION('',(1.,0.,0.));
#1978=DIRECTION('',(0.,0.173648177666931,0.984807753012208));
#1979=DIRECTION('',(1.,0.,0.));
#1980=DIRECTION('',(0.,0.5,-0.866025403784439));
#1981=DIRECTION('',(1.,0.,0.));
#1982=DIRECTION('',(0.,-0.5,0.866025403784439));
#1983=DIRECTION('',(1.,0.,0.));
#1984=DIRECTION('',(0.,0.939692620785908,-0.342020143325669));
#1985=DIRECTION('',(1.,0.,0.));
#1986=DIRECTION('',(0.,-0.939692620785908,0.342020143325669));
#1987=DIRECTION('',(1.,0.,0.));
#1988=DIRECTION('',(0.,0.17364817766693,-0.984807753012208));
#1989=DIRECTION('',(1.,0.,0.));
#1990=DIRECTION('',(0.,-0.17364817766693,0.984807753012208));
#1991=DIRECTION('',(1.,0.,0.));
#1992=DIRECTION('',(0.,-0.5,-0.866025403784439));
#1993=DIRECTION('',(1.,0.,0.));
#1994=DIRECTION('',(0.,0.5,0.866025403784439));
#1995=DIRECTION('',(1.,0.,0.));
#1996=DIRECTION('',(0.,0.939692620785908,0.342020143325669));
#1997=DIRECTION('',(1.,0.,0.));
#1998=DIRECTION('',(0.,-0.939692620785908,-0.342020143325669));
#1999=DIRECTION('',(1.,0.,0.));
#2000=DIRECTION('',(0.,0.766044443118978,-0.642787609686539));
#2001=DIRECTION('',(1.,0.,0.));
#2002=DIRECTION('',(0.,-0.766044443118979,0.642787609686539));
#2003=DIRECTION('',(1.,0.,0.));
#2004=DIRECTION('',(0.,1.,0.));
#2005=DIRECTION('',(1.,0.,0.));
#2006=DIRECTION('',(0.,-1.,0.));
#2007=DIRECTION('',(1.,0.,0.));
#2008=DIRECTION('',(0.,0.766044443118979,0.642787609686539));
#2009=DIRECTION('',(1.,0.,0.));
#2010=DIRECTION('',(0.,-0.766044443118979,-0.642787609686539));
#2011=DIRECTION('',(1.,0.,0.));
#2012=DIRECTION('',(0.,0.173648177666932,0.984807753012208));
#2013=DIRECTION('',(1.,0.,0.));
#2014=DIRECTION('',(0.,-0.173648177666932,-0.984807753012208));
#2015=DIRECTION('',(1.,0.,0.));
#2016=DIRECTION('',(0.,0.5,-0.866025403784439));
#2017=DIRECTION('',(1.,0.,0.));
#2018=DIRECTION('',(0.,-0.5,0.866025403784439));
#2019=DIRECTION('',(1.,0.,0.));
#2020=DIRECTION('',(0.,0.939692620785908,-0.342020143325669));
#2021=DIRECTION('',(1.,0.,0.));
#2022=DIRECTION('',(0.,-0.939692620785908,0.342020143325669));
#2023=DIRECTION('',(-1.,0.,0.));
#2024=DIRECTION('',(0.,-0.766044443118978,0.64278760968654));
#2025=DIRECTION('',(-1.,0.,0.));
#2026=DIRECTION('',(0.,0.766044443118979,-0.642787609686539));
#2027=DIRECTION('',(-1.,0.,0.));
#2028=DIRECTION('',(0.,1.,0.));
#2029=DIRECTION('',(-1.,0.,0.));
#2030=DIRECTION('',(0.,-1.,0.));
#2031=DIRECTION('',(-1.,0.,0.));
#2032=DIRECTION('',(0.,0.766044443118979,0.642787609686539));
#2033=DIRECTION('',(-1.,0.,0.));
#2034=DIRECTION('',(0.,-0.766044443118979,-0.642787609686539));
#2035=DIRECTION('',(-1.,0.,0.));
#2036=DIRECTION('',(0.,0.173648177666932,0.984807753012208));
#2037=DIRECTION('',(-1.,0.,0.));
#2038=DIRECTION('',(0.,-0.173648177666932,-0.984807753012208));
#2039=DIRECTION('',(-1.,0.,0.));
#2040=DIRECTION('',(0.,-0.5,0.866025403784439));
#2041=DIRECTION('',(-1.,0.,0.));
#2042=DIRECTION('',(0.,0.5,-0.866025403784439));
#2043=DIRECTION('',(-1.,0.,0.));
#2044=DIRECTION('',(0.,-0.17364817766693,0.984807753012208));
#2045=DIRECTION('',(-1.,0.,0.));
#2046=DIRECTION('',(0.,0.17364817766693,-0.984807753012208));
#2047=DIRECTION('',(-1.,0.,0.));
#2048=DIRECTION('',(0.,0.5,0.866025403784439));
#2049=DIRECTION('',(-1.,0.,0.));
#2050=DIRECTION('',(0.,-0.5,-0.866025403784439));
#2051=DIRECTION('',(-1.,0.,0.));
#2052=DIRECTION('',(0.,0.939692620785908,0.342020143325669));
#2053=DIRECTION('',(-1.,0.,0.));
#2054=DIRECTION('',(0.,-0.939692620785908,-0.342020143325669));
#2055=DIRECTION('',(-1.,0.,0.));
#2056=DIRECTION('',(0.,-0.939692620785908,0.342020143325669));
#2057=DIRECTION('',(-1.,0.,0.));
#2058=DIRECTION('',(0.,0.939692620785908,-0.342020143325669));
#2059=DIRECTION('',(1.,0.,0.));
#2060=DIRECTION('',(0.,-1.,0.));
#2061=DIRECTION('',(1.,0.,0.));
#2062=DIRECTION('',(0.,1.,0.));
#2063=DIRECTION('',(-1.,0.,0.));
#2064=DIRECTION('',(0.,1.,0.));
#2065=DIRECTION('',(-1.,0.,0.));
#2066=DIRECTION('',(0.,-1.,0.));
#2067=DIRECTION('',(-1.,0.,0.));
#2068=DIRECTION('',(0.,1.,0.));
#2069=DIRECTION('',(-1.,0.,0.));
#2070=DIRECTION('',(0.,-1.,0.));
#2071=DIRECTION('',(-1.,0.,0.));
#2072=DIRECTION('',(0.,1.,0.));
#2073=DIRECTION('',(-1.,0.,0.));
#2074=DIRECTION('',(0.,-1.,0.));
#2075=DIRECTION('',(1.,0.,0.));
#2076=DIRECTION('',(0.,-1.,0.));
#2077=DIRECTION('',(1.,0.,0.));
#2078=DIRECTION('',(0.,1.,0.));
#2079=DIRECTION('',(1.,0.,0.));
#2080=DIRECTION('',(0.,-1.,0.));
#2081=DIRECTION('',(1.,0.,0.));
#2082=DIRECTION('',(0.,1.,0.));
#2083=DIRECTION('',(0.,0.,1.));
#2084=DIRECTION('',(1.,0.,0.));
#2085=DIRECTION('',(0.,0.,1.));
#2086=DIRECTION('',(1.,0.,0.));
#2087=CARTESIAN_POINT('',(0.,0.,0.));
#2088=CARTESIAN_POINT('',(0.,0.,0.));
#2089=CARTESIAN_POINT('',(85.5,-11.7167782289832,-40.9629968133781));
#2090=CARTESIAN_POINT('',(85.5,-17.3549339536987,-38.9108759534241));
#2091=CARTESIAN_POINT('',(76.5,-17.3549339536987,-38.9108759534241));
#2092=CARTESIAN_POINT('',(76.5,-11.7167782289832,-40.9629968133781));
#2093=CARTESIAN_POINT('',(85.5,-35.3060796608386,-23.8480762113533));
#2094=CARTESIAN_POINT('',(85.5,-38.3060796608386,-18.6519237886467));
#2095=CARTESIAN_POINT('',(76.5,-38.3060796608386,-18.6519237886467));
#2096=CARTESIAN_POINT('',(76.5,-35.3060796608386,-23.8480762113533));
#2097=CARTESIAN_POINT('',(85.5,-41.333384970018,10.3344708098812));
#2098=CARTESIAN_POINT('',(85.5,-42.3752740360196,4.42562429180792));
#2099=CARTESIAN_POINT('',(76.5,-41.333384970018,10.3344708098812));
#2100=CARTESIAN_POINT('',(76.5,-42.3752740360196,4.42562429180792));
#2101=CARTESIAN_POINT('',(85.5,-25.020340082321,34.4852516616162));
#2102=CARTESIAN_POINT('',(85.5,-29.6166067410349,30.628526003497));
#2103=CARTESIAN_POINT('',(76.5,-25.020340082321,34.4852516616162));
#2104=CARTESIAN_POINT('',(76.5,-29.6166067410349,30.628526003497));
#2105=CARTESIAN_POINT('',(85.5,3.,42.5));
#2106=CARTESIAN_POINT('',(85.5,-3.,42.5));
#2107=CARTESIAN_POINT('',(76.5,3.,42.5));
#2108=CARTESIAN_POINT('',(76.5,-3.,42.5));
#2109=CARTESIAN_POINT('',(85.5,17.3549339536986,-38.9108759534241));
#2110=CARTESIAN_POINT('',(85.5,11.7167782289832,-40.9629968133781));
#2111=CARTESIAN_POINT('',(76.5,17.3549339536986,-38.9108759534241));
#2112=CARTESIAN_POINT('',(76.5,11.7167782289832,-40.9629968133781));
#2113=CARTESIAN_POINT('',(85.5,35.3060796608386,-23.8480762113533));
#2114=CARTESIAN_POINT('',(85.5,38.3060796608386,-18.6519237886467));
#2115=CARTESIAN_POINT('',(76.5,38.3060796608386,-18.6519237886467));
#2116=CARTESIAN_POINT('',(76.5,35.3060796608386,-23.8480762113533));
#2117=CARTESIAN_POINT('',(85.5,42.3752740360196,4.4256242918079));
#2118=CARTESIAN_POINT('',(85.5,41.3333849700181,10.3344708098811));
#2119=CARTESIAN_POINT('',(76.5,41.3333849700181,10.3344708098811));
#2120=CARTESIAN_POINT('',(76.5,42.3752740360196,4.4256242918079));
#2121=CARTESIAN_POINT('',(85.5,29.6166067410349,30.6285260034969));
#2122=CARTESIAN_POINT('',(85.5,25.020340082321,34.4852516616162));
#2123=CARTESIAN_POINT('',(76.5,25.020340082321,34.4852516616162));
#2124=CARTESIAN_POINT('',(76.5,29.6166067410349,30.6285260034969));
#2125=CARTESIAN_POINT('',(56.,-12.7,0.));
#2126=CARTESIAN_POINT('',(56.,12.7,0.));
#2127=CARTESIAN_POINT('',(56.,-15.,0.));
#2128=CARTESIAN_POINT('',(56.,15.,0.));
#2129=CARTESIAN_POINT('',(69.,-17.3,0.));
#2130=CARTESIAN_POINT('',(69.,17.3,0.));
#2131=CARTESIAN_POINT('',(76.,-17.3,0.));
#2132=CARTESIAN_POINT('',(76.,17.3,0.));
#2133=CARTESIAN_POINT('',(86.,17.3,0.));
#2134=CARTESIAN_POINT('',(86.,-17.3,0.));
#2135=CARTESIAN_POINT('',(106.,17.3,0.));
#2136=CARTESIAN_POINT('',(106.,-17.3,0.));
#2137=CARTESIAN_POINT('',(86.,42.4620981248531,3.9332204153018));
#2138=CARTESIAN_POINT('',(86.,41.2465608811846,10.8268746863873));
#2139=CARTESIAN_POINT('',(86.,35.0560796608386,-24.2810889132456));
#2140=CARTESIAN_POINT('',(86.,38.5560796608386,-18.2189110867545));
#2141=CARTESIAN_POINT('',(86.,17.8247802640916,-38.7398658817613));
#2142=CARTESIAN_POINT('',(86.,11.2469319185902,-41.1340068850409));
#2143=CARTESIAN_POINT('',(86.,29.9996289625944,30.3071321986537));
#2144=CARTESIAN_POINT('',(86.,24.6373178607615,34.8066454664595));
#2145=CARTESIAN_POINT('',(86.,3.5,42.5));
#2146=CARTESIAN_POINT('',(86.,-3.5,42.5));
#2147=CARTESIAN_POINT('',(86.,-24.6373178607615,34.8066454664595));
#2148=CARTESIAN_POINT('',(86.,-29.9996289625943,30.3071321986537));
#2149=CARTESIAN_POINT('',(86.,-41.2465608811846,10.8268746863873));
#2150=CARTESIAN_POINT('',(86.,-42.4620981248531,3.93322041530182));
#2151=CARTESIAN_POINT('',(86.,-35.0560796608386,-24.2810889132455));
#2152=CARTESIAN_POINT('',(86.,-38.5560796608386,-18.2189110867544));
#2153=CARTESIAN_POINT('',(86.,-11.2469319185902,-41.1340068850409));
#2154=CARTESIAN_POINT('',(86.,-17.8247802640916,-38.7398658817613));
#2155=CARTESIAN_POINT('',(76.,24.6373178607615,34.8066454664595));
#2156=CARTESIAN_POINT('',(76.,29.9996289625944,30.3071321986537));
#2157=CARTESIAN_POINT('',(76.,3.5,42.5));
#2158=CARTESIAN_POINT('',(76.,-3.5,42.5));
#2159=CARTESIAN_POINT('',(76.,-24.6373178607615,34.8066454664595));
#2160=CARTESIAN_POINT('',(76.,-29.9996289625943,30.3071321986537));
#2161=CARTESIAN_POINT('',(76.,-41.2465608811846,10.8268746863873));
#2162=CARTESIAN_POINT('',(76.,-42.4620981248531,3.93322041530182));
#2163=CARTESIAN_POINT('',(76.,-38.5560796608386,-18.2189110867544));
#2164=CARTESIAN_POINT('',(76.,-35.0560796608386,-24.2810889132455));
#2165=CARTESIAN_POINT('',(76.,41.2465608811846,10.8268746863872));
#2166=CARTESIAN_POINT('',(76.,42.4620981248531,3.9332204153018));
#2167=CARTESIAN_POINT('',(76.,38.5560796608386,-18.2189110867545));
#2168=CARTESIAN_POINT('',(76.,35.0560796608386,-24.2810889132456));
#2169=CARTESIAN_POINT('',(76.,17.8247802640916,-38.7398658817613));
#2170=CARTESIAN_POINT('',(76.,11.2469319185902,-41.1340068850409));
#2171=CARTESIAN_POINT('',(76.,-17.8247802640916,-38.7398658817613));
#2172=CARTESIAN_POINT('',(76.,-11.2469319185902,-41.1340068850409));
#2173=CARTESIAN_POINT('',(106.,-16.,0.));
#2174=CARTESIAN_POINT('',(106.,16.,0.));
#2175=CARTESIAN_POINT('',(107.,-15.,0.));
#2176=CARTESIAN_POINT('',(107.,15.,0.));
#2177=CARTESIAN_POINT('',(68.,15.,0.));
#2178=CARTESIAN_POINT('',(68.,-15.,0.));
#2179=CARTESIAN_POINT('',(69.,16.,0.));
#2180=CARTESIAN_POINT('',(69.,-16.,0.));
#2181=CARTESIAN_POINT('',(0.,11.7000000000001,0.));
#2182=CARTESIAN_POINT('',(0.,-11.7,0.));
#2183=CARTESIAN_POINT('',(1.,12.7,0.));
#2184=CARTESIAN_POINT('',(1.,-12.7,0.));
#2185=CARTESIAN_POINT('',(76.,49.,0.));
#2186=CARTESIAN_POINT('',(76.,-49.,0.));
#2187=CARTESIAN_POINT('',(77.,50.,0.));
#2188=CARTESIAN_POINT('',(77.,-50.,0.));
#2189=CARTESIAN_POINT('',(85.,-50.,0.));
#2190=CARTESIAN_POINT('',(85.,50.,0.));
#2191=CARTESIAN_POINT('',(86.,-49.,0.));
#2192=CARTESIAN_POINT('',(86.,49.,0.));
#2193=CARTESIAN_POINT('',(198.,-15.,0.));
#2194=CARTESIAN_POINT('',(198.,15.,0.));
#2195=CARTESIAN_POINT('',(199.,-14.,0.));
#2196=CARTESIAN_POINT('',(199.,14.,0.));
#2197=CARTESIAN_POINT('',(199.,0.,0.));
#2198=CARTESIAN_POINT('',(198.,0.,0.));
#2199=CARTESIAN_POINT('',(198.,0.,0.));
#2200=CARTESIAN_POINT('',(199.,0.,0.));
#2201=CARTESIAN_POINT('',(86.,0.,0.));
#2202=CARTESIAN_POINT('',(85.0000000000002,0.,0.));
#2203=CARTESIAN_POINT('',(85.0000000000002,0.,0.));
#2204=CARTESIAN_POINT('',(86.,0.,0.));
#2205=CARTESIAN_POINT('',(77.0000000000002,0.,0.));
#2206=CARTESIAN_POINT('',(76.,0.,0.));
#2207=CARTESIAN_POINT('',(77.0000000000002,0.,0.));
#2208=CARTESIAN_POINT('',(76.,0.,0.));
#2209=CARTESIAN_POINT('',(1.,0.,0.));
#2210=CARTESIAN_POINT('',(0.,0.,0.));
#2211=CARTESIAN_POINT('',(1.,0.,0.));
#2212=CARTESIAN_POINT('',(0.,0.,0.));
#2213=CARTESIAN_POINT('',(69.,0.,0.));
#2214=CARTESIAN_POINT('',(68.,0.,0.));
#2215=CARTESIAN_POINT('',(68.,0.,0.));
#2216=CARTESIAN_POINT('',(69.,0.,0.));
#2217=CARTESIAN_POINT('',(107.,0.,0.));
#2218=CARTESIAN_POINT('',(106.,0.,0.));
#2219=CARTESIAN_POINT('',(107.,0.,0.));
#2220=CARTESIAN_POINT('',(106.,0.,0.));
#2221=CARTESIAN_POINT('',(76.,-14.5358560913409,-39.9369363834011));
#2222=CARTESIAN_POINT('',(76.,-14.5358560913409,-39.9369363834011));
#2223=CARTESIAN_POINT('',(76.,14.5358560913409,-39.9369363834011));
#2224=CARTESIAN_POINT('',(76.,14.5358560913409,-39.9369363834011));
#2225=CARTESIAN_POINT('',(76.,36.8060796608386,-21.25));
#2226=CARTESIAN_POINT('',(76.,36.8060796608386,-21.25));
#2227=CARTESIAN_POINT('',(76.,41.8543295030189,7.38004755084452));
#2228=CARTESIAN_POINT('',(76.,41.8543295030189,7.38004755084452));
#2229=CARTESIAN_POINT('',(76.,-36.8060796608386,-21.25));
#2230=CARTESIAN_POINT('',(76.,-36.8060796608386,-21.25));
#2231=CARTESIAN_POINT('',(76.,-41.8543295030188,7.38004755084455));
#2232=CARTESIAN_POINT('',(76.,-41.8543295030188,7.38004755084455));
#2233=CARTESIAN_POINT('',(76.,-27.3184734116779,32.5568888325566));
#2234=CARTESIAN_POINT('',(76.,-27.3184734116779,32.5568888325566));
#2235=CARTESIAN_POINT('',(76.,0.,42.5));
#2236=CARTESIAN_POINT('',(76.,0.,42.5));
#2237=CARTESIAN_POINT('',(76.,27.3184734116779,32.5568888325566));
#2238=CARTESIAN_POINT('',(76.,27.3184734116779,32.5568888325566));
#2239=CARTESIAN_POINT('',(86.,-14.5358560913409,-39.9369363834011));
#2240=CARTESIAN_POINT('',(86.,-14.5358560913409,-39.9369363834011));
#2241=CARTESIAN_POINT('',(86.,-36.8060796608386,-21.25));
#2242=CARTESIAN_POINT('',(86.,-36.8060796608386,-21.25));
#2243=CARTESIAN_POINT('',(86.,-41.8543295030188,7.38004755084454));
#2244=CARTESIAN_POINT('',(86.,-41.8543295030188,7.38004755084454));
#2245=CARTESIAN_POINT('',(86.,-27.3184734116779,32.5568888325566));
#2246=CARTESIAN_POINT('',(86.,-27.3184734116779,32.5568888325566));
#2247=CARTESIAN_POINT('',(86.,0.,42.5));
#2248=CARTESIAN_POINT('',(86.,0.,42.5));
#2249=CARTESIAN_POINT('',(86.,27.3184734116779,32.5568888325566));
#2250=CARTESIAN_POINT('',(86.,27.3184734116779,32.5568888325566));
#2251=CARTESIAN_POINT('',(86.,14.5358560913409,-39.9369363834011));
#2252=CARTESIAN_POINT('',(86.,14.5358560913409,-39.9369363834011));
#2253=CARTESIAN_POINT('',(86.,36.8060796608386,-21.25));
#2254=CARTESIAN_POINT('',(86.,36.8060796608386,-21.25));
#2255=CARTESIAN_POINT('',(86.,41.8543295030188,7.38004755084452));
#2256=CARTESIAN_POINT('',(86.,41.8543295030188,7.38004755084452));
#2257=CARTESIAN_POINT('',(106.,0.,0.));
#2258=CARTESIAN_POINT('',(86.,0.,0.));
#2259=CARTESIAN_POINT('',(76.,0.,0.));
#2260=CARTESIAN_POINT('',(69.,0.,0.));
#2261=CARTESIAN_POINT('',(56.,0.,0.));
#2262=CARTESIAN_POINT('',(56.,0.,0.));
#2263=CARTESIAN_POINT('',(107.,-15.,0.));
#2264=CARTESIAN_POINT('',(107.,15.,0.));
#2265=CARTESIAN_POINT('',(86.,-17.3,0.));
#2266=CARTESIAN_POINT('',(86.,17.3,0.));
#2267=CARTESIAN_POINT('',(77.,-50.,0.));
#2268=CARTESIAN_POINT('',(77.,50.,0.));
#2269=CARTESIAN_POINT('',(69.,-17.3,0.));
#2270=CARTESIAN_POINT('',(69.,17.3,0.));
#2271=CARTESIAN_POINT('',(56.,-15.,0.));
#2272=CARTESIAN_POINT('',(56.,15.,0.));
#2273=CARTESIAN_POINT('',(1.,-12.7,0.));
#2274=CARTESIAN_POINT('',(1.,12.7,0.));
#2275=CARTESIAN_POINT('',(106.,0.,0.));
#2276=CARTESIAN_POINT('',(86.,0.,0.));
#2277=CARTESIAN_POINT('',(76.,0.,0.));
#2278=CARTESIAN_POINT('',(69.,0.,0.));
#2279=CARTESIAN_POINT('',(56.,0.,0.));
#2280=CARTESIAN_POINT('',(56.,0.,0.));
#2281=CARTESIAN_POINT('',(76.5,27.3184734116779,32.5568888325566));
#2282=CARTESIAN_POINT('',(76.5,27.3184734116779,32.5568888325566));
#2283=CARTESIAN_POINT('',(85.5,27.3184734116779,32.5568888325566));
#2284=CARTESIAN_POINT('',(85.5,27.3184734116779,32.5568888325566));
#2285=CARTESIAN_POINT('',(76.5,25.020340082321,34.4852516616162));
#2286=CARTESIAN_POINT('',(76.5,29.6166067410349,30.6285260034969));
#2287=CARTESIAN_POINT('',(76.5,41.8543295030188,7.38004755084452));
#2288=CARTESIAN_POINT('',(76.5,41.8543295030188,7.38004755084452));
#2289=CARTESIAN_POINT('',(85.5,41.8543295030188,7.38004755084452));
#2290=CARTESIAN_POINT('',(85.5,41.8543295030188,7.38004755084452));
#2291=CARTESIAN_POINT('',(76.5,41.3333849700181,10.3344708098811));
#2292=CARTESIAN_POINT('',(76.5,42.3752740360196,4.4256242918079));
#2293=CARTESIAN_POINT('',(76.5,36.8060796608386,-21.25));
#2294=CARTESIAN_POINT('',(76.5,36.8060796608386,-21.25));
#2295=CARTESIAN_POINT('',(85.5,36.8060796608386,-21.25));
#2296=CARTESIAN_POINT('',(85.5,36.8060796608386,-21.25));
#2297=CARTESIAN_POINT('',(76.5,38.3060796608386,-18.6519237886467));
#2298=CARTESIAN_POINT('',(76.5,35.3060796608386,-23.8480762113533));
#2299=CARTESIAN_POINT('',(76.5,14.5358560913409,-39.9369363834011));
#2300=CARTESIAN_POINT('',(76.5,14.5358560913409,-39.9369363834011));
#2301=CARTESIAN_POINT('',(85.5,14.5358560913409,-39.9369363834011));
#2302=CARTESIAN_POINT('',(85.5,14.5358560913409,-39.9369363834011));
#2303=CARTESIAN_POINT('',(76.5,17.3549339536986,-38.9108759534241));
#2304=CARTESIAN_POINT('',(76.5,11.7167782289832,-40.9629968133781));
#2305=CARTESIAN_POINT('',(76.5,0.,42.5));
#2306=CARTESIAN_POINT('',(76.5,0.,42.5));
#2307=CARTESIAN_POINT('',(85.5,0.,42.5));
#2308=CARTESIAN_POINT('',(85.5,0.,42.5));
#2309=CARTESIAN_POINT('',(76.5,-3.,42.5));
#2310=CARTESIAN_POINT('',(76.5,3.,42.5));
#2311=CARTESIAN_POINT('',(76.5,-27.3184734116779,32.5568888325566));
#2312=CARTESIAN_POINT('',(76.5,-27.3184734116779,32.5568888325566));
#2313=CARTESIAN_POINT('',(85.5,-27.3184734116779,32.5568888325566));
#2314=CARTESIAN_POINT('',(85.5,-27.3184734116779,32.5568888325566));
#2315=CARTESIAN_POINT('',(76.5,-29.6166067410349,30.628526003497));
#2316=CARTESIAN_POINT('',(76.5,-25.020340082321,34.4852516616162));
#2317=CARTESIAN_POINT('',(76.5,-41.8543295030188,7.38004755084454));
#2318=CARTESIAN_POINT('',(76.5,-41.8543295030188,7.38004755084454));
#2319=CARTESIAN_POINT('',(85.5,-41.8543295030188,7.38004755084454));
#2320=CARTESIAN_POINT('',(85.5,-41.8543295030188,7.38004755084454));
#2321=CARTESIAN_POINT('',(76.5,-42.3752740360196,4.42562429180792));
#2322=CARTESIAN_POINT('',(76.5,-41.333384970018,10.3344708098812));
#2323=CARTESIAN_POINT('',(76.5,-36.8060796608386,-21.25));
#2324=CARTESIAN_POINT('',(76.5,-36.8060796608386,-21.25));
#2325=CARTESIAN_POINT('',(85.5,-36.8060796608386,-21.25));
#2326=CARTESIAN_POINT('',(85.5,-36.8060796608386,-21.25));
#2327=CARTESIAN_POINT('',(76.5,-35.3060796608386,-23.8480762113533));
#2328=CARTESIAN_POINT('',(76.5,-38.3060796608386,-18.6519237886467));
#2329=CARTESIAN_POINT('',(76.5,-14.5358560913409,-39.9369363834011));
#2330=CARTESIAN_POINT('',(76.5,-14.5358560913409,-39.9369363834011));
#2331=CARTESIAN_POINT('',(85.5,-14.5358560913409,-39.9369363834011));
#2332=CARTESIAN_POINT('',(85.5,-14.5358560913409,-39.9369363834011));
#2333=CARTESIAN_POINT('',(76.5,-11.7167782289832,-40.9629968133781));
#2334=CARTESIAN_POINT('',(76.5,-17.3549339536987,-38.9108759534241));
#2335=CARTESIAN_POINT('',(85.5,42.4620981248531,3.9332204153018));
#2336=CARTESIAN_POINT('',(85.5,41.2465608811846,10.8268746863873));
#2337=CARTESIAN_POINT('',(85.5,35.0560796608386,-24.2810889132456));
#2338=CARTESIAN_POINT('',(85.5,38.5560796608386,-18.2189110867545));
#2339=CARTESIAN_POINT('',(85.5,17.8247802640916,-38.7398658817613));
#2340=CARTESIAN_POINT('',(85.5,11.2469319185902,-41.1340068850409));
#2341=CARTESIAN_POINT('',(85.5,29.9996289625944,30.3071321986537));
#2342=CARTESIAN_POINT('',(85.5,24.6373178607615,34.8066454664595));
#2343=CARTESIAN_POINT('',(85.5,3.5,42.5));
#2344=CARTESIAN_POINT('',(85.5,-3.5,42.5));
#2345=CARTESIAN_POINT('',(85.5,-24.6373178607615,34.8066454664595));
#2346=CARTESIAN_POINT('',(85.5,-29.9996289625943,30.3071321986537));
#2347=CARTESIAN_POINT('',(85.5,-41.2465608811846,10.8268746863873));
#2348=CARTESIAN_POINT('',(85.5,-42.4620981248531,3.93322041530182));
#2349=CARTESIAN_POINT('',(85.5,-35.0560796608386,-24.2810889132455));
#2350=CARTESIAN_POINT('',(85.5,-38.5560796608386,-18.2189110867544));
#2351=CARTESIAN_POINT('',(85.5,-11.2469319185902,-41.1340068850409));
#2352=CARTESIAN_POINT('',(85.5,-17.8247802640916,-38.7398658817613));
#2353=CARTESIAN_POINT('',(76.5,24.6373178607615,34.8066454664595));
#2354=CARTESIAN_POINT('',(76.5,29.9996289625944,30.3071321986537));
#2355=CARTESIAN_POINT('',(76.5,3.5,42.5));
#2356=CARTESIAN_POINT('',(76.5,-3.5,42.5));
#2357=CARTESIAN_POINT('',(76.5,-24.6373178607615,34.8066454664595));
#2358=CARTESIAN_POINT('',(76.5,-29.9996289625943,30.3071321986537));
#2359=CARTESIAN_POINT('',(76.5,-41.2465608811846,10.8268746863873));
#2360=CARTESIAN_POINT('',(76.5,-42.4620981248531,3.93322041530182));
#2361=CARTESIAN_POINT('',(76.5,-38.5560796608386,-18.2189110867544));
#2362=CARTESIAN_POINT('',(76.5,-35.0560796608386,-24.2810889132455));
#2363=CARTESIAN_POINT('',(76.5,41.2465608811846,10.8268746863873));
#2364=CARTESIAN_POINT('',(76.5,42.4620981248531,3.9332204153018));
#2365=CARTESIAN_POINT('',(76.5,38.5560796608386,-18.2189110867545));
#2366=CARTESIAN_POINT('',(76.5,35.0560796608386,-24.2810889132456));
#2367=CARTESIAN_POINT('',(76.5,17.8247802640916,-38.7398658817613));
#2368=CARTESIAN_POINT('',(76.5,11.2469319185902,-41.1340068850409));
#2369=CARTESIAN_POINT('',(76.5,-17.8247802640916,-38.7398658817613));
#2370=CARTESIAN_POINT('',(76.5,-11.2469319185902,-41.1340068850409));
#2371=CARTESIAN_POINT('',(107.,-16.,0.));
#2372=CARTESIAN_POINT('',(107.,16.,0.));
#2373=CARTESIAN_POINT('',(68.,16.,0.));
#2374=CARTESIAN_POINT('',(68.,-16.,0.));
#2375=CARTESIAN_POINT('',(1.,11.7,0.));
#2376=CARTESIAN_POINT('',(1.,-11.7,0.));
#2377=CARTESIAN_POINT('',(77.,49.,0.));
#2378=CARTESIAN_POINT('',(77.,-49.,0.));
#2379=CARTESIAN_POINT('',(85.,-49.,0.));
#2380=CARTESIAN_POINT('',(85.,49.,0.));
#2381=CARTESIAN_POINT('',(198.,-14.,0.));
#2382=CARTESIAN_POINT('',(198.,14.,0.));
#2383=CARTESIAN_POINT('',(106.,0.,0.));
#2384=CARTESIAN_POINT('',(86.,0.,0.));
#2385=CARTESIAN_POINT('',(76.,0.,0.));
#2386=CARTESIAN_POINT('',(69.,0.,0.));
#2387=CARTESIAN_POINT('',(56.,0.,0.));
#2388=CARTESIAN_POINT('',(0.,0.,0.));
#2389=CARTESIAN_POINT('',(199.,-15.,15.));
#2390=CARTESIAN_POINT('',(106.,0.,0.));
#2391=CARTESIAN_POINT('',(106.,-17.646,17.646));
#2392=CARTESIAN_POINT('',(86.,0.,0.));
#2393=CARTESIAN_POINT('',(86.,-50.,50.));
#2394=CARTESIAN_POINT('',(76.,0.,0.));
#2395=CARTESIAN_POINT('',(76.,-51.,-51.));
#2396=CARTESIAN_POINT('',(69.,0.,0.));
#2397=CARTESIAN_POINT('',(69.,-17.646,-17.646));
#2398=CARTESIAN_POINT('',(56.,0.,0.));
#2399=CARTESIAN_POINT('',(56.,-15.3,-15.3));
#2400=CARTESIAN_POINT('',(0.,0.,0.));
#2401=CARTESIAN_POINT('',(0.,-12.7,-12.7));
#2402=CARTESIAN_POINT('',(69.,27.3184734116779,32.5568888325566));
#2403=CARTESIAN_POINT('',(69.,27.3184734116779,32.5568888325566));
#2404=CARTESIAN_POINT('',(69.,41.8543295030188,7.38004755084452));
#2405=CARTESIAN_POINT('',(69.,41.8543295030188,7.38004755084452));
#2406=CARTESIAN_POINT('',(69.,36.8060796608386,-21.25));
#2407=CARTESIAN_POINT('',(69.,36.8060796608386,-21.25));
#2408=CARTESIAN_POINT('',(69.,14.5358560913409,-39.9369363834011));
#2409=CARTESIAN_POINT('',(69.,14.5358560913409,-39.9369363834011));
#2410=CARTESIAN_POINT('',(69.,0.,42.5));
#2411=CARTESIAN_POINT('',(69.,0.,42.5));
#2412=CARTESIAN_POINT('',(69.,-27.3184734116779,32.5568888325566));
#2413=CARTESIAN_POINT('',(69.,-27.3184734116779,32.5568888325566));
#2414=CARTESIAN_POINT('',(69.,-41.8543295030188,7.38004755084454));
#2415=CARTESIAN_POINT('',(69.,-41.8543295030188,7.38004755084454));
#2416=CARTESIAN_POINT('',(69.,-36.8060796608386,-21.25));
#2417=CARTESIAN_POINT('',(69.,-36.8060796608386,-21.25));
#2418=CARTESIAN_POINT('',(69.,-14.5358560913409,-39.9369363834011));
#2419=CARTESIAN_POINT('',(69.,-14.5358560913409,-39.9369363834011));
#2420=CARTESIAN_POINT('',(85.5,41.8543295030188,7.38004755084452));
#2421=CARTESIAN_POINT('',(85.5,41.8543295030188,7.38004755084452));
#2422=CARTESIAN_POINT('',(85.5,36.8060796608386,-21.25));
#2423=CARTESIAN_POINT('',(85.5,36.8060796608386,-21.25));
#2424=CARTESIAN_POINT('',(85.5,14.5358560913409,-39.9369363834011));
#2425=CARTESIAN_POINT('',(85.5,14.5358560913409,-39.9369363834011));
#2426=CARTESIAN_POINT('',(85.5,27.3184734116779,32.5568888325566));
#2427=CARTESIAN_POINT('',(85.5,27.3184734116779,32.5568888325566));
#2428=CARTESIAN_POINT('',(85.5,0.,42.5));
#2429=CARTESIAN_POINT('',(85.5,0.,42.5));
#2430=CARTESIAN_POINT('',(85.5,-27.3184734116779,32.5568888325566));
#2431=CARTESIAN_POINT('',(85.5,-27.3184734116779,32.5568888325566));
#2432=CARTESIAN_POINT('',(85.5,-41.8543295030188,7.38004755084454));
#2433=CARTESIAN_POINT('',(85.5,-41.8543295030188,7.38004755084454));
#2434=CARTESIAN_POINT('',(85.5,-36.8060796608386,-21.25));
#2435=CARTESIAN_POINT('',(85.5,-36.8060796608386,-21.25));
#2436=CARTESIAN_POINT('',(85.5,-14.5358560913409,-39.9369363834011));
#2437=CARTESIAN_POINT('',(85.5,-14.5358560913409,-39.9369363834011));
#2438=CARTESIAN_POINT('',(76.5,27.3184734116779,32.5568888325566));
#2439=CARTESIAN_POINT('',(76.5,27.3184734116779,32.5568888325566));
#2440=CARTESIAN_POINT('',(76.5,0.,42.5));
#2441=CARTESIAN_POINT('',(76.5,0.,42.5));
#2442=CARTESIAN_POINT('',(76.5,-27.3184734116779,32.5568888325566));
#2443=CARTESIAN_POINT('',(76.5,-27.3184734116779,32.5568888325566));
#2444=CARTESIAN_POINT('',(76.5,-41.8543295030188,7.38004755084454));
#2445=CARTESIAN_POINT('',(76.5,-41.8543295030188,7.38004755084454));
#2446=CARTESIAN_POINT('',(76.5,-36.8060796608386,-21.25));
#2447=CARTESIAN_POINT('',(76.5,-36.8060796608386,-21.25));
#2448=CARTESIAN_POINT('',(76.5,41.8543295030188,7.38004755084452));
#2449=CARTESIAN_POINT('',(76.5,41.8543295030188,7.38004755084452));
#2450=CARTESIAN_POINT('',(76.5,36.8060796608386,-21.25));
#2451=CARTESIAN_POINT('',(76.5,36.8060796608386,-21.25));
#2452=CARTESIAN_POINT('',(76.5,14.5358560913409,-39.9369363834011));
#2453=CARTESIAN_POINT('',(76.5,14.5358560913409,-39.9369363834011));
#2454=CARTESIAN_POINT('',(76.5,-14.5358560913409,-39.9369363834011));
#2455=CARTESIAN_POINT('',(76.5,-14.5358560913409,-39.9369363834011));
#2456=CARTESIAN_POINT('',(107.,0.,0.));
#2457=CARTESIAN_POINT('',(107.,0.,0.));
#2458=CARTESIAN_POINT('',(68.,0.,0.));
#2459=CARTESIAN_POINT('',(68.,0.,0.));
#2460=CARTESIAN_POINT('',(1.,0.,0.));
#2461=CARTESIAN_POINT('',(1.,0.,0.));
#2462=CARTESIAN_POINT('',(77.,0.,0.));
#2463=CARTESIAN_POINT('',(77.,0.,0.));
#2464=CARTESIAN_POINT('',(85.,0.,0.));
#2465=CARTESIAN_POINT('',(85.,0.,0.));
#2466=CARTESIAN_POINT('',(198.,0.,0.));
#2467=CARTESIAN_POINT('',(198.,0.,0.));
#2468=CARTESIAN_POINT('',(0.,0.,0.));
#2469=CARTESIAN_POINT('',(0.,0.,0.));
#2470=(
GEOMETRIC_REPRESENTATION_CONTEXT(3)
GLOBAL_UNCERTAINTY_ASSIGNED_CONTEXT((#2473))
GLOBAL_UNIT_ASSIGNED_CONTEXT((#2482,#2479,#2476))
REPRESENTATION_CONTEXT('','')
);
#2471=(
GEOMETRIC_REPRESENTATION_CONTEXT(3)
GLOBAL_UNCERTAINTY_ASSIGNED_CONTEXT((#2474))
GLOBAL_UNIT_ASSIGNED_CONTEXT((#2483,#2480,#2477))
REPRESENTATION_CONTEXT('','')
);
#2472=(
GEOMETRIC_REPRESENTATION_CONTEXT(3)
GLOBAL_UNCERTAINTY_ASSIGNED_CONTEXT((#2475))
GLOBAL_UNIT_ASSIGNED_CONTEXT((#2484,#2481,#2478))
REPRESENTATION_CONTEXT('','')
);
#2473=UNCERTAINTY_MEASURE_WITH_UNIT(LENGTH_MEASURE(0.001),#2482,'TOL_CRV',
'CONFUSED CURVE UNCERTAINTY');
#2474=UNCERTAINTY_MEASURE_WITH_UNIT(LENGTH_MEASURE(0.001),#2483,'TOL_CRV',
'CONFUSED CURVE UNCERTAINTY');
#2475=UNCERTAINTY_MEASURE_WITH_UNIT(LENGTH_MEASURE(0.001),#2484,'TOL_CRV',
'CONFUSED CURVE UNCERTAINTY');
#2476=(
SI_UNIT($,.STERADIAN.)
SOLID_ANGLE_UNIT()
NAMED_UNIT(*)
);
#2477=(
SI_UNIT($,.STERADIAN.)
SOLID_ANGLE_UNIT()
NAMED_UNIT(*)
);
#2478=(
SI_UNIT($,.STERADIAN.)
SOLID_ANGLE_UNIT()
NAMED_UNIT(*)
);
#2479=(
PLANE_ANGLE_UNIT()
NAMED_UNIT(*)
SI_UNIT($,.RADIAN.)
);
#2480=(
PLANE_ANGLE_UNIT()
NAMED_UNIT(*)
SI_UNIT($,.RADIAN.)
);
#2481=(
PLANE_ANGLE_UNIT()
NAMED_UNIT(*)
SI_UNIT($,.RADIAN.)
);
#2482=(
LENGTH_UNIT()
NAMED_UNIT(*)
SI_UNIT(.MILLI.,.METRE.)
);
#2483=(
LENGTH_UNIT()
NAMED_UNIT(*)
SI_UNIT(.MILLI.,.METRE.)
);
#2484=(
LENGTH_UNIT()
NAMED_UNIT(*)
SI_UNIT(.MILLI.,.METRE.)
);
ENDSEC;
END-ISO-10303-21;
